Size,ID (mm),Cross Sect (mm)
M1X1.15,1.15ñ0.10,1.00ñ0.08
M1X1.5,1.50ñ0.10,1.00ñ0.08
M1X1.8,1.80ñ0.13,1.00ñ0.08
M1X2,2.00ñ0.13,1.00ñ0.08
M1X2.5,2.50ñ0.13,1.00ñ0.08
M1X3,3.00ñ0.13,1.00ñ0.08
M1X3.5,3.50ñ0.13,1.00ñ0.08
M1X4,4.00ñ0.13,1.00ñ0.08
M1X4.5,4.50ñ0.13,1.00ñ0.08
M1X5,5.00ñ0.13,1.00ñ0.08
M1X5.5,5.50ñ0.13,1.00ñ0.08
M1X6,6.00ñ0.13,1.00ñ0.08
M1X6.5,6.50ñ0.13,1.00ñ0.08
M1X7,7.00ñ0.13,1.00ñ0.08
M1X7.5,7.50ñ0.13,1.00ñ0.08
M1X8,8.00ñ0.13,1.00ñ0.08
M1X8.5,8.50ñ0.13,1.00ñ0.08
M1X9,9.00ñ0.13,1.00ñ0.08
M1X9.5,9.50ñ0.13,1.00ñ0.08
M1X10,10.00ñ0.13,1.00ñ0.08
M1X10.5,10.50ñ0.13,1.00ñ0.08
M1X11,11.00ñ0.13,1.00ñ0.08
M1X11.5,11.50ñ0.13,1.00ñ0.08
M1X12,12.00ñ0.15,1.00ñ0.08
M1X12.5,12.50ñ0.15,1.00ñ0.08
M1X13,13.00ñ0.15,1.00ñ0.08
M1X13.5,13.50ñ0.15,1.00ñ0.08
M1X14,14.00ñ0.15,1.00ñ0.08
M1X14.5,14.50ñ0.18,1.00ñ0.08
M1X15,15.00ñ0.18,1.00ñ0.08
M1X15.5,15.50ñ0.18,1.00ñ0.08
M1X16,16.00ñ0.18,1.00ñ0.08
M1X16.5,16.50ñ0.18,1.00ñ0.08
M1X17,17.00ñ0.18,1.00ñ0.08
M1X17.5,17.50ñ0.18,1.00ñ0.08
M1X18,18.00ñ0.20,1.00ñ0.08
M1X18.5,18.50ñ0.20,1.00ñ0.08
M1X19,19.00ñ0.20,1.00ñ0.08
M1X19.5,19.50ñ0.20,1.00ñ0.08
M1X20,20.00ñ0.20,1.00ñ0.08
M1X20.5,20.50ñ0.20,1.00ñ0.08
M1X21,21.00ñ0.23,1.00ñ0.08
M1X21.5,21.50ñ0.23,1.00ñ0.08
M1X22,22.00ñ0.23,1.00ñ0.08
M1X22.5,22.50ñ0.23,1.00ñ0.08
M1X23,23.00ñ0.23,1.00ñ0.08
M1X23.5,23.50ñ0.23,1.00ñ0.08
M1X24,24.00ñ0.25,1.00ñ0.08
M1X24.5,24.50ñ0.25,1.00ñ0.08
M1X25,25.00ñ0.25,1.00ñ0.08
M1.02X1.78,1.78ñ0.13,1.02ñ0.08
M1.5X1.85,1.85ñ0.13,1.50ñ0.08
M1.5X2,2.00ñ0.13,1.50ñ0.08
M1.5X2.5,2.50ñ0.13,1.50ñ0.08
M1.5X2.8,2.80ñ0.13,1.50ñ0.08
M1.5X3,3.00ñ0.13,1.50ñ0.08
M1.5X3.5,3.50ñ0.13,1.50ñ0.08
M1.5X4,4.00ñ0.13,1.50ñ0.08
M1.5X4.5,4.50ñ0.13,1.50ñ0.08
M1.5X5,5.00ñ0.13,1.50ñ0.08
M1.5X5.5,5.50ñ0.13,1.50ñ0.08
M1.5X6,6.00ñ0.13,1.50ñ0.08
M1.5X6.5,6.50ñ0.13,1.50ñ0.08
M1.5X7,7.00ñ0.13,1.50ñ0.08
M1.5X7.5,7.50ñ0.13,1.50ñ0.08
M1.5X8,8.00ñ0.13,1.50ñ0.08
M1.5X8.5,8.50ñ0.13,1.50ñ0.08
M1.5X9,9.00ñ0.13,1.50ñ0.08
M1.5X9.5,9.50ñ0.13,1.50ñ0.08
M1.5X10,10.00ñ0.13,1.50ñ0.08
M1.5X10.5,10.50ñ0.13,1.50ñ0.08
M1.5X11,11.00ñ0.13,1.50ñ0.08
M1.5X11.5,11.50ñ0.13,1.50ñ0.08
M1.5X12,12.00ñ0.15,1.50ñ0.08
M1.5X12.5,12.50ñ0.15,1.50ñ0.08
M1.5X13,13.00ñ0.15,1.50ñ0.08
M1.5X13.5,13.50ñ0.15,1.50ñ0.08
M1.5X14,14.00ñ0.15,1.50ñ0.08
M1.5X14.5,14.50ñ0.18,1.50ñ0.08
M1.5X15,15.00ñ0.18,1.50ñ0.08
M1.5X15.5,15.50ñ0.18,1.50ñ0.08
M1.5X16,16.00ñ0.18,1.50ñ0.08
M1.5X16.5,16.50ñ0.18,1.50ñ0.08
M1.5X17,17.00ñ0.18,1.50ñ0.08
M1.5X17.5,17.50ñ0.18,1.50ñ0.08
M1.5X18,18.00ñ0.20,1.50ñ0.08
M1.5X18.5,18.50ñ0.20,1.50ñ0.08
M1.5X19,19.00ñ0.20,1.50ñ0.08
M1.5X19.5,19.50ñ0.20,1.50ñ0.08
M1.5X20,20.00ñ0.20,1.50ñ0.08
M1.5X20.5,20.50ñ0.20,1.50ñ0.08
M1.5X21,21.00ñ0.23,1.50ñ0.08
M1.5X21.5,21.50ñ0.23,1.50ñ0.08
M1.5X22,22.00ñ0.23,1.50ñ0.08
M1.5X22.5,22.50ñ0.23,1.50ñ0.08
M1.5X23,23.00ñ0.23,1.50ñ0.08
M1.5X23.5,23.50ñ0.23,1.50ñ0.08
M1.5X24,24.00ñ0.25,1.50ñ0.08
M1.5X24.5,24.50ñ0.25,1.50ñ0.08
M1.5X25,25.00ñ0.25,1.50ñ0.08
M1.5X25.5,25.50ñ0.25,1.50ñ0.08
M1.5X26,26.00ñ0.25,1.50ñ0.08
M1.5X26.5,26.50ñ0.25,1.50ñ0.08
M1.5X27,27.00ñ0.25,1.50ñ0.08
M1.5X27.5,27.50ñ0.25,1.50ñ0.08
M1.5X28,28.00ñ0.25,1.50ñ0.08
M1.5X28.5,28.50ñ0.25,1.50ñ0.08
M1.5X29,29.00ñ0.30,1.50ñ0.08
M1.5X29.5,29.50ñ0.30,1.50ñ0.08
M1.5X30,30.00ñ0.30,1.50ñ0.08
M1.5X30.5,30.50ñ0.30,1.50ñ0.08
M1.5X31,31.00ñ0.30,1.50ñ0.08
M1.5X31.5,31.50ñ0.30,1.50ñ0.08
M1.5X32,32.00ñ0.30,1.50ñ0.08
M1.5X32.5,32.50ñ0.30,1.50ñ0.08
M1.5X33,33.00ñ0.30,1.50ñ0.08
M1.5X33.5,33.50ñ0.30,1.50ñ0.08
M1.5X34,34.00ñ0.30,1.50ñ0.08
M1.5X34.5,34.50ñ0.30,1.50ñ0.08
M1.5X35,35.00ñ0.30,1.50ñ0.08
M1.5X35.5,35.50ñ0.30,1.50ñ0.08
M1.5X36,36.00ñ0.36,1.50ñ0.08
M1.5X36.5,36.50ñ0.36,1.50ñ0.08
M1.5X37,37.00ñ0.36,1.50ñ0.08
M1.5X37.5,37.50ñ0.36,1.50ñ0.08
M1.5X38,38.00ñ0.36,1.50ñ0.08
M1.5X38.5,38.50ñ0.36,1.50ñ0.08
M1.5X39,39.00ñ0.36,1.50ñ0.08
M1.5X39.5,39.50ñ0.36,1.50ñ0.08
M1.5X40,40.00ñ0.36,1.50ñ0.08
M1.5X41,41.00ñ0.36,1.50ñ0.08
M1.5X42,42.00ñ0.36,1.50ñ0.08
M1.5X43,43.00ñ0.36,1.50ñ0.08
M1.5X44,44.00ñ0.41,1.50ñ0.08
M1.5X45,45.00ñ0.41,1.50ñ0.08
M1.5X46,46.00ñ0.41,1.50ñ0.08
M1.5X47,47.00ñ0.41,1.50ñ0.08
M1.5X48,48.00ñ0.41,1.50ñ0.08
M1.5X49,49.00ñ0.41,1.50ñ0.08
M1.5X50,50.00ñ0.41,1.50ñ0.08
M1.5X51,51.00ñ0.46,1.50ñ0.08
M1.5X52,52.00ñ0.46,1.50ñ0.08
M1.5X53,53.00ñ0.46,1.50ñ0.08
M1.5X54,54.00ñ0.46,1.50ñ0.08
M1.5X55,55.00ñ0.46,1.50ñ0.08
M1.5X56,56.00ñ0.46,1.50ñ0.08
M1.5X57,57.00ñ0.46,1.50ñ0.08
M1.5X58,58.00ñ0.46,1.50ñ0.08
M1.5X59,59.00ñ0.51,1.50ñ0.08
M1.5X60,60.00ñ0.51,1.50ñ0.08
M1.5X61,61.00ñ0.51,1.50ñ0.08
M1.5X62,62.00ñ0.51,1.50ñ0.08
M1.5X63,63.00ñ0.51,1.50ñ0.08
M1.5X64,64.00ñ0.51,1.50ñ0.08
M1.5X65,65.00ñ0.51,1.50ñ0.08
M1.5X66,66.00ñ0.51,1.50ñ0.08
M1.5X67,67.00ñ0.56,1.50ñ0.08
M1.5X68,68.00ñ0.56,1.50ñ0.08
M1.5X69,69.00ñ0.56,1.50ñ0.08
M1.5X70,70.00ñ0.56,1.50ñ0.08
M1.5X71,71.00ñ0.56,1.50ñ0.08
M1.5X72,72.00ñ0.56,1.50ñ0.08
M1.5X73,73.00ñ0.56,1.50ñ0.08
M1.5X74,74.00ñ0.56,1.50ñ0.08
M1.5X75,75.00ñ0.61,1.50ñ0.08
M1.5X76,76.00ñ0.61,1.50ñ0.08
M1.5X77,77.00ñ0.61,1.50ñ0.08
M1.5X78,78.00ñ0.61,1.50ñ0.08
M1.5X79,79.00ñ0.61,1.50ñ0.08
M1.5X80,80.00ñ0.61,1.50ñ0.08
M1.5X81,81.00ñ0.61,1.50ñ0.08
M1.5X82,82.00ñ0.61,1.50ñ0.08
M1.5X83,83.00ñ0.61,1.50ñ0.08
M1.5X84,84.00ñ0.66,1.50ñ0.08
M1.5X85,85.00ñ0.66,1.50ñ0.08
M1.5X86,86.00ñ0.66,1.50ñ0.08
M1.5X87,87.00ñ0.66,1.50ñ0.08
M1.5X88,88.00ñ0.66,1.50ñ0.08
M1.5X89,89.00ñ0.66,1.50ñ0.08
M1.5X90,90.00ñ0.66,1.50ñ0.08
M1.5X91,91.00ñ0.66,1.50ñ0.08
M1.5X92,92.00ñ0.66,1.50ñ0.08
M1.5X93,93.00ñ0.71,1.50ñ0.08
M1.5X94,94.00ñ0.71,1.50ñ0.08
M1.5X95,95.00ñ0.71,1.50ñ0.08
M1.5X96,96.00ñ0.71,1.50ñ0.08
M1.5X97,97.00ñ0.71,1.50ñ0.08
M1.5X98,98.00ñ0.71,1.50ñ0.08
M1.5X99,99.00ñ0.71,1.50ñ0.08
M1.5X100,100.00ñ0.71,1.50ñ0.08
M1.6X2.2,2.20ñ0.13,1.60ñ0.08
M1.6X2.75,2.75ñ0.13,1.60ñ0.08
M1.6X3.1,3.10ñ0.13,1.60ñ0.08
M1.6X4.1,4.10ñ0.13,1.60ñ0.08
M1.6X4.7,4.70ñ0.13,1.60ñ0.08
M1.6X5,5.00ñ0.13,1.60ñ0.08
M1.6X5.1,5.10ñ0.13,1.60ñ0.08
M1.6X6.1,6.10ñ0.13,1.60ñ0.08
M1.6X7.1,7.10ñ0.13,1.60ñ0.08
M1.6X8.1,8.10ñ0.13,1.60ñ0.08
M1.6X9.1,9.10ñ0.13,1.60ñ0.08
M1.6X10.1,10.10ñ0.13,1.60ñ0.08
M1.6X11.1,11.10ñ0.13,1.60ñ0.08
M1.6X12.1,12.10ñ0.15,1.60ñ0.08
M1.6X13.1,13.10ñ0.15,1.60ñ0.08
M1.6X14.1,14.10ñ0.15,1.60ñ0.08
M1.6X15.1,15.10ñ0.18,1.60ñ0.08
M1.6X16.1,16.10ñ0.18,1.60ñ0.08
M1.6X17.1,17.10ñ0.18,1.60ñ0.08
M1.6X18.1,18.10ñ0.20,1.60ñ0.08
M1.6X19.1,19.10ñ0.20,1.60ñ0.08
M1.6X22.1,22.10ñ0.23,1.60ñ0.08
M1.6X25.1,25.10ñ0.25,1.60ñ0.08
M1.6X27.1,27.10ñ0.25,1.60ñ0.08
M1.6X29.1,29.10ñ0.30,1.60ñ0.08
M1.6X32.1,32.10ñ0.30,1.60ñ0.08
M1.6X35.1,35.10ñ0.30,1.60ñ0.08
M1.6X37.1,37.10ñ0.36,1.60ñ0.08
M1.78X3.17,3.17ñ0.13,1.78ñ0.08
M1.78X4.76,4.76ñ0.13,1.78ñ0.08
M1.78X6.35,6.35ñ0.13,1.78ñ0.08
M1.78X6.75,6.75ñ0.13,1.78ñ0.08
M1.78X7.94,7.94ñ0.13,1.78ñ0.08
M1.78X8.73,8.73ñ0.13,1.78ñ0.08
M1.78X9.52,9.52ñ0.13,1.78ñ0.08
M1.78X11.11,11.11ñ0.13,1.78ñ0.08
M1.78X36.27,36.27ñ0.36,1.78ñ0.08
M1.78X39.45,39.45ñ0.36,1.78ñ0.08
M1.78X79,79.00ñ0.61,1.78ñ0.08
M1.78X85.34,85.34ñ0.66,1.78ñ0.08
M1.78X91.7,91.70ñ0.66,1.78ñ0.08
M1.78X98.05,98.05ñ0.71,1.78ñ0.08
M1.78X104.4,104.40ñ0.76,1.78ñ0.08
M1.78X110.74,110.74ñ0.76,1.78ñ0.08
M1.78X117.1,117.10ñ0.76,1.78ñ0.08
M1.78X123.44,123.44ñ0.89,1.78ñ0.08
M1.78X129.4,129.40ñ0.89,1.78ñ0.08
M1.78X135.76,135.76ñ0.89,1.78ñ0.08
M1.78X138.94,138.94ñ0.89,1.78ñ0.08
M1.8X1.8,1.80ñ0.13,1.80ñ0.08
M1.8X2,2.00ñ0.13,1.80ñ0.08
M1.8X2.24,2.24ñ0.13,1.80ñ0.08
M1.8X2.5,2.50ñ0.13,1.80ñ0.08
M1.8X2.8,2.80ñ0.13,1.80ñ0.08
M1.8X3.15,3.15ñ0.13,1.80ñ0.08
M1.8X3.55,3.55ñ0.13,1.80ñ0.08
M1.8X3.75,3.75ñ0.13,1.80ñ0.08
M1.8X4,4.00ñ0.13,1.80ñ0.08
M1.8X4.5,4.50ñ0.13,1.80ñ0.08
M1.8X4.87,4.87ñ0.13,1.80ñ0.08
M1.8X5,5.00ñ0.13,1.80ñ0.08
M1.8X5.15,5.15ñ0.13,1.80ñ0.08
M1.8X5.3,5.30ñ0.13,1.80ñ0.08
M1.8X5.6,5.60ñ0.13,1.80ñ0.08
M1.8X6,6.00ñ0.13,1.80ñ0.08
M1.8X6.3,6.30ñ0.13,1.80ñ0.08
M1.8X6.7,6.70ñ0.13,1.80ñ0.08
M1.8X6.9,6.90ñ0.13,1.80ñ0.08
M1.8X7.1,7.10ñ0.13,1.80ñ0.08
M1.8X7.5,7.50ñ0.13,1.80ñ0.08
M1.8X8,8.00ñ0.13,1.80ñ0.08
M1.8X8.5,8.50ñ0.13,1.80ñ0.08
M1.8X8.76,8.76ñ0.13,1.80ñ0.08
M1.8X9,9.00ñ0.13,1.80ñ0.08
M1.8X9.5,9.50ñ0.13,1.80ñ0.08
M1.8X10,10.00ñ0.13,1.80ñ0.08
M1.8X10.6,10.60ñ0.13,1.80ñ0.08
M1.8X11.2,11.20ñ0.13,1.80ñ0.08
M1.8X11.8,11.80ñ0.15,1.80ñ0.08
M1.8X12.5,12.50ñ0.15,1.80ñ0.08
M1.8X13.2,13.20ñ0.15,1.80ñ0.08
M1.8X14,14.00ñ0.15,1.80ñ0.08
M1.8X15,15.00ñ0.18,1.80ñ0.08
M1.8X16,16.00ñ0.18,1.80ñ0.08
M1.8X17,17.00ñ0.18,1.80ñ0.08
M1.9X2.4,2.40ñ0.13,1.90ñ0.08
M1.9X2.6,2.60ñ0.13,1.90ñ0.08
M1.9X2.8,2.80ñ0.13,1.90ñ0.08
M1.9X3.4,3.40ñ0.13,1.90ñ0.08
M1.9X3.8,3.80ñ0.13,1.90ñ0.08
M1.9X4.2,4.20ñ0.13,1.90ñ0.08
M1.9X4.8,4.80ñ0.13,1.90ñ0.08
M1.9X4.9,4.90ñ0.13,1.90ñ0.08
M1.9X5.7,5.70ñ0.13,1.90ñ0.08
M1.9X5.8,5.80ñ0.13,1.90ñ0.08
M1.9X6.4,6.40ñ0.13,1.90ñ0.08
M1.9X6.8,6.80ñ0.13,1.90ñ0.08
M1.9X7.2,7.20ñ0.13,1.90ñ0.08
M1.9X7.8,7.80ñ0.13,1.90ñ0.08
M1.9X8,8.00ñ0.13,1.90ñ0.08
M1.9X8.8,8.80ñ0.13,1.90ñ0.08
M1.9X8.9,8.90ñ0.13,1.90ñ0.08
M1.9X9.8,9.80ñ0.13,1.90ñ0.08
M2X2.5,2.50ñ0.13,2.00ñ0.08
M2X3,3.00ñ0.13,2.00ñ0.08
M2X3.5,3.50ñ0.13,2.00ñ0.08
M2X4,4.00ñ0.13,2.00ñ0.08
M2X4.5,4.50ñ0.13,2.00ñ0.08
M2X5,5.00ñ0.13,2.00ñ0.08
M2X5.5,5.50ñ0.13,2.00ñ0.08
M2X6,6.00ñ0.13,2.00ñ0.08
M2X6.5,6.50ñ0.13,2.00ñ0.08
M2X7,7.00ñ0.13,2.00ñ0.08
M2X7.5,7.50ñ0.13,2.00ñ0.08
M2X8,8.00ñ0.13,2.00ñ0.08
M2X8.5,8.50ñ0.13,2.00ñ0.08
M2X9,9.00ñ0.13,2.00ñ0.08
M2X9.5,9.50ñ0.13,2.00ñ0.08
M2X10,10.00ñ0.13,2.00ñ0.08
M2X10.5,10.50ñ0.13,2.00ñ0.08
M2X11,11.00ñ0.13,2.00ñ0.08
M2X11.5,11.50ñ0.13,2.00ñ0.08
M2X12,12.00ñ0.15,2.00ñ0.08
M2X12.5,12.50ñ0.15,2.00ñ0.08
M2X13,13.00ñ0.15,2.00ñ0.08
M2X13.5,13.50ñ0.15,2.00ñ0.08
M2X14,14.00ñ0.15,2.00ñ0.08
M2X14.5,14.50ñ0.18,2.00ñ0.08
M2X15,15.00ñ0.18,2.00ñ0.08
M2X15.5,15.50ñ0.18,2.00ñ0.08
M2X16,16.00ñ0.18,2.00ñ0.08
M2X16.5,16.50ñ0.18,2.00ñ0.08
M2X17,17.00ñ0.18,2.00ñ0.08
M2X17.5,17.50ñ0.18,2.00ñ0.08
M2X18,18.00ñ0.20,2.00ñ0.08
M2X18.5,18.50ñ0.20,2.00ñ0.08
M2X19,19.00ñ0.20,2.00ñ0.08
M2X19.5,19.50ñ0.20,2.00ñ0.08
M2X20,20.00ñ0.20,2.00ñ0.08
M2X20.5,20.50ñ0.20,2.00ñ0.08
M2X21,21.00ñ0.23,2.00ñ0.08
M2X21.5,21.50ñ0.23,2.00ñ0.08
M2X22,22.00ñ0.23,2.00ñ0.08
M2X22.5,22.50ñ0.23,2.00ñ0.08
M2X23,23.00ñ0.23,2.00ñ0.08
M2X23.5,23.50ñ0.23,2.00ñ0.08
M2X24,24.00ñ0.25,2.00ñ0.08
M2X24.5,24.50ñ0.25,2.00ñ0.08
M2X25,25.00ñ0.25,2.00ñ0.08
M2X25.5,25.50ñ0.25,2.00ñ0.08
M2X26,26.00ñ0.25,2.00ñ0.08
M2X26.5,26.50ñ0.25,2.00ñ0.08
M2X27,27.00ñ0.25,2.00ñ0.08
M2X27.5,27.50ñ0.25,2.00ñ0.08
M2X28,28.00ñ0.25,2.00ñ0.08
M2X28.5,28.50ñ0.25,2.00ñ0.08
M2X29,29.00ñ0.30,2.00ñ0.08
M2X29.5,29.50ñ0.30,2.00ñ0.08
M2X30,30.00ñ0.30,2.00ñ0.08
M2X30.5,30.50ñ0.30,2.00ñ0.08
M2X31,31.00ñ0.30,2.00ñ0.08
M2X31.5,31.50ñ0.30,2.00ñ0.08
M2X32,32.00ñ0.30,2.00ñ0.08
M2X32.5,32.50ñ0.30,2.00ñ0.08
M2X33,33.00ñ0.30,2.00ñ0.08
M2X33.5,33.50ñ0.30,2.00ñ0.08
M2X34,34.00ñ0.30,2.00ñ0.08
M2X34.5,34.50ñ0.30,2.00ñ0.08
M2X35,35.00ñ0.30,2.00ñ0.08
M2X35.5,35.50ñ0.30,2.00ñ0.08
M2X36,36.00ñ0.36,2.00ñ0.08
M2X36.5,36.50ñ0.36,2.00ñ0.08
M2X37,37.00ñ0.36,2.00ñ0.08
M2X37.5,37.50ñ0.36,2.00ñ0.08
M2X38,38.00ñ0.36,2.00ñ0.08
M2X38.5,38.50ñ0.36,2.00ñ0.08
M2X39,39.00ñ0.36,2.00ñ0.08
M2X39.5,39.50ñ0.36,2.00ñ0.08
M2X40,40.00ñ0.36,2.00ñ0.08
M2X41,41.00ñ0.36,2.00ñ0.08
M2X42,42.00ñ0.36,2.00ñ0.08
M2X43,43.00ñ0.36,2.00ñ0.08
M2X44,44.00ñ0.41,2.00ñ0.08
M2X45,45.00ñ0.41,2.00ñ0.08
M2X46,46.00ñ0.41,2.00ñ0.08
M2X47,47.00ñ0.41,2.00ñ0.08
M2X48,48.00ñ0.41,2.00ñ0.08
M2X49,49.00ñ0.41,2.00ñ0.08
M2X50,50.00ñ0.41,2.00ñ0.08
M2X51,51.00ñ0.46,2.00ñ0.08
M2X52,52.00ñ0.46,2.00ñ0.08
M2X53,53.00ñ0.46,2.00ñ0.08
M2X54,54.00ñ0.46,2.00ñ0.08
M2X55,55.00ñ0.46,2.00ñ0.08
M2X56,56.00ñ0.46,2.00ñ0.08
M2X57,57.00ñ0.46,2.00ñ0.08
M2X58,58.00ñ0.46,2.00ñ0.08
M2X59,59.00ñ0.51,2.00ñ0.08
M2X60,60.00ñ0.51,2.00ñ0.08
M2X61,61.00ñ0.51,2.00ñ0.08
M2X62,62.00ñ0.51,2.00ñ0.08
M2X63,63.00ñ0.51,2.00ñ0.08
M2X64,64.00ñ0.51,2.00ñ0.08
M2X65,65.00ñ0.51,2.00ñ0.08
M2X66,66.00ñ0.51,2.00ñ0.08
M2X67,67.00ñ0.56,2.00ñ0.08
M2X68,68.00ñ0.56,2.00ñ0.08
M2X69,69.00ñ0.56,2.00ñ0.08
M2X70,70.00ñ0.56,2.00ñ0.08
M2X71,71.00ñ0.56,2.00ñ0.08
M2X72,72.00ñ0.56,2.00ñ0.08
M2X73,73.00ñ0.56,2.00ñ0.08
M2X74,74.00ñ0.56,2.00ñ0.08
M2X75,75.00ñ0.61,2.00ñ0.08
M2X76,76.00ñ0.61,2.00ñ0.08
M2X77,77.00ñ0.61,2.00ñ0.08
M2X78,78.00ñ0.61,2.00ñ0.08
M2X79,79.00ñ0.61,2.00ñ0.08
M2X80,80.00ñ0.61,2.00ñ0.08
M2X81,81.00ñ0.61,2.00ñ0.08
M2X82,82.00ñ0.61,2.00ñ0.08
M2X83,83.00ñ0.61,2.00ñ0.08
M2X84,84.00ñ0.66,2.00ñ0.08
M2X85,85.00ñ0.66,2.00ñ0.08
M2X86,86.00ñ0.66,2.00ñ0.08
M2X87,87.00ñ0.66,2.00ñ0.08
M2X88,88.00ñ0.66,2.00ñ0.08
M2X89,89.00ñ0.66,2.00ñ0.08
M2X90,90.00ñ0.66,2.00ñ0.08
M2X91,91.00ñ0.66,2.00ñ0.08
M2X92,92.00ñ0.66,2.00ñ0.08
M2X93,93.00ñ0.71,2.00ñ0.08
M2X94,94.00ñ0.71,2.00ñ0.08
M2X95,95.00ñ0.71,2.00ñ0.08
M2X96,96.00ñ0.71,2.00ñ0.08
M2X97,97.00ñ0.71,2.00ñ0.08
M2X98,98.00ñ0.71,2.00ñ0.08
M2X99,99.00ñ0.71,2.00ñ0.08
M2X100,100.00ñ0.71,2.00ñ0.08
M2.2X6,6.00ñ0.13,2.20ñ0.08
M2.4X3.3,3.30ñ0.13,2.40ñ0.08
M2.4X3.6,3.60ñ0.13,2.40ñ0.08
M2.4X4.3,4.30ñ0.13,2.40ñ0.08
M2.4X4.6,4.60ñ0.13,2.40ñ0.08
M2.4X5.3,5.30ñ0.13,2.40ñ0.08
M2.4X5.5,5.50ñ0.13,2.40ñ0.08
M2.4X5.6,5.60ñ0.13,2.40ñ0.08
M2.4X6.3,6.30ñ0.13,2.40ñ0.08
M2.4X6.6,6.60ñ0.13,2.40ñ0.08
M2.4X7.3,7.30ñ0.13,2.40ñ0.08
M2.4X7.5,7.50ñ0.13,2.40ñ0.08
M2.4X7.6,7.60ñ0.13,2.40ñ0.08
M2.4X8.3,8.30ñ0.13,2.40ñ0.08
M2.4X8.6,8.60ñ0.13,2.40ñ0.08
M2.4X9.3,9.30ñ0.13,2.40ñ0.08
M2.4X9.6,9.60ñ0.13,2.40ñ0.08
M2.4X9.8,9.80ñ0.13,2.40ñ0.08
M2.4X10.3,10.30ñ0.13,2.40ñ0.08
M2.4X10.5,10.50ñ0.13,2.40ñ0.08
M2.4X10.6,10.60ñ0.13,2.40ñ0.08
M2.4X10.8,10.80ñ0.13,2.40ñ0.08
M2.4X11,11.00ñ0.13,2.40ñ0.08
M2.4X11.3,11.30ñ0.13,2.40ñ0.08
M2.4X11.5,11.50ñ0.13,2.40ñ0.08
M2.4X11.6,11.60ñ0.13,2.40ñ0.08
M2.4X11.8,11.80ñ0.15,2.40ñ0.08
M2.4X12.3,12.30ñ0.15,2.40ñ0.08
M2.4X12.6,12.60ñ0.15,2.40ñ0.08
M2.4X13.3,13.30ñ0.15,2.40ñ0.08
M2.4X13.5,13.50ñ0.15,2.40ñ0.08
M2.4X13.6,13.60ñ0.15,2.40ñ0.08
M2.4X13.8,13.80ñ0.15,2.40ñ0.08
M2.4X14.3,14.30ñ0.15,2.40ñ0.08
M2.4X14.5,14.50ñ0.18,2.40ñ0.08
M2.4X14.6,14.60ñ0.18,2.40ñ0.08
M2.4X14.8,14.80ñ0.18,2.40ñ0.08
M2.4X15.3,15.30ñ0.18,2.40ñ0.08
M2.4X15.5,15.50ñ0.18,2.40ñ0.08
M2.4X15.6,15.60ñ0.18,2.40ñ0.08
M2.4X15.8,15.80ñ0.18,2.40ñ0.08
M2.4X16.3,16.30ñ0.18,2.40ñ0.08
M2.4X16.6,16.60ñ0.18,2.40ñ0.08
M2.4X17.3,17.30ñ0.18,2.40ñ0.08
M2.4X17.5,17.50ñ0.18,2.40ñ0.08
M2.4X17.6,17.60ñ0.20,2.40ñ0.08
M2.4X17.8,17.80ñ0.20,2.40ñ0.08
M2.4X18.6,18.60ñ0.20,2.40ñ0.08
M2.4X19.6,19.60ñ0.20,2.40ñ0.08
M2.4X19.8,19.80ñ0.20,2.40ñ0.08
M2.4X20.5,20.50ñ0.20,2.40ñ0.08
M2.4X20.8,20.80ñ0.23,2.40ñ0.08
M2.4X21.5,21.50ñ0.23,2.40ñ0.08
M2.4X21.6,21.60ñ0.23,2.40ñ0.08
M2.4X21.8,21.80ñ0.23,2.40ñ0.08
M2.4X23.5,23.50ñ0.23,2.40ñ0.08
M2.4X24.5,24.50ñ0.25,2.40ñ0.08
M2.4X24.6,24.60ñ0.25,2.40ñ0.08
M2.4X25,25.00ñ0.25,2.40ñ0.08
M2.4X27.5,27.50ñ0.25,2.40ñ0.08
M2.4X27.6,27.60ñ0.25,2.40ñ0.08
M2.4X29.6,29.60ñ0.30,2.40ñ0.08
M2.4X31.6,31.60ñ0.30,2.40ñ0.08
M2.4X34.6,34.60ñ0.30,2.40ñ0.08
M2.4X37.6,37.60ñ0.36,2.40ñ0.08
M2.4X39.6,39.60ñ0.36,2.40ñ0.08
M2.4X41.6,41.60ñ0.36,2.40ñ0.08
M2.4X44.6,44.60ñ0.41,2.40ñ0.08
M2.4X47.6,47.60ñ0.41,2.40ñ0.08
M2.4X49.6,49.60ñ0.41,2.40ñ0.08
M2.4X51.6,51.60ñ0.46,2.40ñ0.08
M2.4X54.6,54.60ñ0.46,2.40ñ0.08
M2.4X57.6,57.60ñ0.46,2.40ñ0.08
M2.4X59.6,59.60ñ0.51,2.40ñ0.08
M2.4X61.6,61.60ñ0.51,2.40ñ0.08
M2.4X64.6,64.60ñ0.51,2.40ñ0.08
M2.4X67.6,67.60ñ0.56,2.40ñ0.08
M2.4X69.6,69.60ñ0.56,2.40ñ0.08
M2.5X4,4.00ñ0.13,2.50ñ0.08
M2.5X4.6,4.60ñ0.13,2.50ñ0.08
M2.5X5,5.00ñ0.13,2.50ñ0.08
M2.5X5.5,5.50ñ0.13,2.50ñ0.08
M2.5X6,6.00ñ0.13,2.50ñ0.08
M2.5X6.5,6.50ñ0.13,2.50ñ0.08
M2.5X7,7.00ñ0.13,2.50ñ0.08
M2.5X7.5,7.50ñ0.13,2.50ñ0.08
M2.5X8,8.00ñ0.13,2.50ñ0.08
M2.5X8.5,8.50ñ0.13,2.50ñ0.08
M2.5X9,9.00ñ0.13,2.50ñ0.08
M2.5X9.5,9.50ñ0.13,2.50ñ0.08
M2.5X10,10.00ñ0.13,2.50ñ0.08
M2.5X10.5,10.50ñ0.13,2.50ñ0.08
M2.5X11,11.00ñ0.13,2.50ñ0.08
M2.5X11.5,11.50ñ0.13,2.50ñ0.08
M2.5X12,12.00ñ0.15,2.50ñ0.08
M2.5X12.5,12.50ñ0.15,2.50ñ0.08
M2.5X13,13.00ñ0.15,2.50ñ0.08
M2.5X13.5,13.50ñ0.15,2.50ñ0.08
M2.5X14,14.00ñ0.15,2.50ñ0.08
M2.5X14.5,14.50ñ0.18,2.50ñ0.08
M2.5X15,15.00ñ0.18,2.50ñ0.08
M2.5X15.5,15.50ñ0.18,2.50ñ0.08
M2.5X16,16.00ñ0.18,2.50ñ0.08
M2.5X16.5,16.50ñ0.18,2.50ñ0.08
M2.5X17,17.00ñ0.18,2.50ñ0.08
M2.5X17.5,17.50ñ0.18,2.50ñ0.08
M2.5X18,18.00ñ0.20,2.50ñ0.08
M2.5X18.5,18.50ñ0.20,2.50ñ0.08
M2.5X19,19.00ñ0.20,2.50ñ0.08
M2.5X19.5,19.50ñ0.20,2.50ñ0.08
M2.5X20,20.00ñ0.20,2.50ñ0.08
M2.5X20.5,20.50ñ0.20,2.50ñ0.08
M2.5X21,21.00ñ0.23,2.50ñ0.08
M2.5X21.5,21.50ñ0.23,2.50ñ0.08
M2.5X22,22.00ñ0.23,2.50ñ0.08
M2.5X22.5,22.50ñ0.23,2.50ñ0.08
M2.5X23,23.00ñ0.23,2.50ñ0.08
M2.5X23.5,23.50ñ0.23,2.50ñ0.08
M2.5X24,24.00ñ0.25,2.50ñ0.08
M2.5X24.5,24.50ñ0.25,2.50ñ0.08
M2.5X25,25.00ñ0.25,2.50ñ0.08
M2.5X25.5,25.50ñ0.25,2.50ñ0.08
M2.5X26,26.00ñ0.25,2.50ñ0.08
M2.5X26.5,26.50ñ0.25,2.50ñ0.08
M2.5X27,27.00ñ0.25,2.50ñ0.08
M2.5X27.5,27.50ñ0.25,2.50ñ0.08
M2.5X28,28.00ñ0.25,2.50ñ0.08
M2.5X28.5,28.50ñ0.25,2.50ñ0.08
M2.5X29,29.00ñ0.30,2.50ñ0.08
M2.5X29.5,29.50ñ0.30,2.50ñ0.08
M2.5X30,30.00ñ0.30,2.50ñ0.08
M2.5X30.5,30.50ñ0.30,2.50ñ0.08
M2.5X31,31.00ñ0.30,2.50ñ0.08
M2.5X31.5,31.50ñ0.30,2.50ñ0.08
M2.5X32,32.00ñ0.30,2.50ñ0.08
M2.5X32.5,32.50ñ0.30,2.50ñ0.08
M2.5X33,33.00ñ0.30,2.50ñ0.08
M2.5X33.5,33.50ñ0.30,2.50ñ0.08
M2.5X34,34.00ñ0.30,2.50ñ0.08
M2.5X34.5,34.50ñ0.30,2.50ñ0.08
M2.5X35,35.00ñ0.30,2.50ñ0.08
M2.5X35.5,35.50ñ0.30,2.50ñ0.08
M2.5X36,36.00ñ0.36,2.50ñ0.08
M2.5X36.5,36.50ñ0.36,2.50ñ0.08
M2.5X37,37.00ñ0.36,2.50ñ0.08
M2.5X37.5,37.50ñ0.36,2.50ñ0.08
M2.5X38,38.00ñ0.36,2.50ñ0.08
M2.5X38.5,38.50ñ0.36,2.50ñ0.08
M2.5X39,39.00ñ0.36,2.50ñ0.08
M2.5X39.5,39.50ñ0.36,2.50ñ0.08
M2.5X40,40.00ñ0.36,2.50ñ0.08
M2.5X41,41.00ñ0.36,2.50ñ0.08
M2.5X42,42.00ñ0.36,2.50ñ0.08
M2.5X43,43.00ñ0.36,2.50ñ0.08
M2.5X44,44.00ñ0.41,2.50ñ0.08
M2.5X45,45.00ñ0.41,2.50ñ0.08
M2.5X46,46.00ñ0.41,2.50ñ0.08
M2.5X47,47.00ñ0.41,2.50ñ0.08
M2.5X48,48.00ñ0.41,2.50ñ0.08
M2.5X49,49.00ñ0.41,2.50ñ0.08
M2.5X50,50.00ñ0.41,2.50ñ0.08
M2.5X51,51.00ñ0.46,2.50ñ0.08
M2.5X52,52.00ñ0.46,2.50ñ0.08
M2.5X53,53.00ñ0.46,2.50ñ0.08
M2.5X54,54.00ñ0.46,2.50ñ0.08
M2.5X55,55.00ñ0.46,2.50ñ0.08
M2.5X56,56.00ñ0.46,2.50ñ0.08
M2.5X57,57.00ñ0.46,2.50ñ0.08
M2.5X58,58.00ñ0.46,2.50ñ0.08
M2.5X59,59.00ñ0.51,2.50ñ0.08
M2.5X60,60.00ñ0.51,2.50ñ0.08
M2.5X61,61.00ñ0.51,2.50ñ0.08
M2.5X62,62.00ñ0.51,2.50ñ0.08
M2.5X63,63.00ñ0.51,2.50ñ0.08
M2.5X64,64.00ñ0.51,2.50ñ0.08
M2.5X65,65.00ñ0.51,2.50ñ0.08
M2.5X66,66.00ñ0.51,2.50ñ0.08
M2.5X67,67.00ñ0.56,2.50ñ0.08
M2.5X68,68.00ñ0.56,2.50ñ0.08
M2.5X69,69.00ñ0.56,2.50ñ0.08
M2.5X70,70.00ñ0.56,2.50ñ0.08
M2.5X71,71.00ñ0.56,2.50ñ0.08
M2.5X72,72.00ñ0.56,2.50ñ0.08
M2.5X73,73.00ñ0.56,2.50ñ0.08
M2.5X74,74.00ñ0.56,2.50ñ0.08
M2.5X75,75.00ñ0.61,2.50ñ0.08
M2.5X76,76.00ñ0.61,2.50ñ0.08
M2.5X77,77.00ñ0.61,2.50ñ0.08
M2.5X78,78.00ñ0.61,2.50ñ0.08
M2.5X79,79.00ñ0.61,2.50ñ0.08
M2.5X80,80.00ñ0.61,2.50ñ0.08
M2.5X81,81.00ñ0.61,2.50ñ0.08
M2.5X82,82.00ñ0.61,2.50ñ0.08
M2.5X83,83.00ñ0.61,2.50ñ0.08
M2.5X84,84.00ñ0.66,2.50ñ0.08
M2.5X85,85.00ñ0.66,2.50ñ0.08
M2.5X86,86.00ñ0.66,2.50ñ0.08
M2.5X87,87.00ñ0.66,2.50ñ0.08
M2.5X88,88.00ñ0.66,2.50ñ0.08
M2.5X89,89.00ñ0.66,2.50ñ0.08
M2.5X90,90.00ñ0.66,2.50ñ0.08
M2.5X91,91.00ñ0.66,2.50ñ0.08
M2.5X92,92.00ñ0.66,2.50ñ0.08
M2.5X93,93.00ñ0.71,2.50ñ0.08
M2.5X94,94.00ñ0.71,2.50ñ0.08
M2.5X95,95.00ñ0.71,2.50ñ0.08
M2.5X96,96.00ñ0.71,2.50ñ0.08
M2.5X97,97.00ñ0.71,2.50ñ0.08
M2.5X98,98.00ñ0.71,2.50ñ0.08
M2.5X99,99.00ñ0.71,2.50ñ0.08
M2.5X100,100.00ñ0.71,2.50ñ0.08
M2.5X101,101.00ñ0.71,2.50ñ0.08
M2.5X102,102.00ñ0.76,2.50ñ0.08
M2.5X103,103.00ñ0.76,2.50ñ0.08
M2.5X104,104.00ñ0.76,2.50ñ0.08
M2.5X105,105.00ñ0.76,2.50ñ0.08
M2.5X106,106.00ñ0.76,2.50ñ0.08
M2.5X107,107.00ñ0.76,2.50ñ0.08
M2.5X108,108.00ñ0.76,2.50ñ0.08
M2.5X109,109.00ñ0.76,2.50ñ0.08
M2.5X110,110.00ñ0.76,2.50ñ0.08
M2.5X111,111.00ñ0.76,2.50ñ0.08
M2.5X112,112.00ñ0.76,2.50ñ0.08
M2.5X113,113.00ñ0.76,2.50ñ0.08
M2.5X114,114.00ñ0.76,2.50ñ0.08
M2.5X115,115.00ñ0.76,2.50ñ0.08
M2.5X116,116.00ñ0.76,2.50ñ0.08
M2.5X117,117.00ñ0.76,2.50ñ0.08
M2.5X118,118.00ñ0.89,2.50ñ0.08
M2.5X119,119.00ñ0.89,2.50ñ0.08
M2.5X120,120.00ñ0.89,2.50ñ0.08
M2.5X121,121.00ñ0.89,2.50ñ0.08
M2.5X122,122.00ñ0.89,2.50ñ0.08
M2.5X123,123.00ñ0.89,2.50ñ0.08
M2.5X124,124.00ñ0.89,2.50ñ0.08
M2.5X125,125.00ñ0.89,2.50ñ0.08
M2.5X126,126.00ñ0.89,2.50ñ0.08
M2.5X127,127.00ñ0.89,2.50ñ0.08
M2.5X128,128.00ñ0.89,2.50ñ0.08
M2.5X129,129.00ñ0.89,2.50ñ0.08
M2.5X130,130.00ñ0.89,2.50ñ0.08
M2.5X131,131.00ñ0.89,2.50ñ0.08
M2.5X132,132.00ñ0.89,2.50ñ0.08
M2.5X133,133.00ñ0.89,2.50ñ0.08
M2.5X134,134.00ñ0.89,2.50ñ0.08
M2.5X135,135.00ñ0.89,2.50ñ0.08
M2.5X136,136.00ñ0.89,2.50ñ0.08
M2.5X137,137.00ñ0.89,2.50ñ0.08
M2.5X138,138.00ñ0.89,2.50ñ0.08
M2.5X139,139.00ñ0.89,2.50ñ0.08
M2.5X140,140.00ñ0.89,2.50ñ0.08
M2.5X141,141.00ñ0.89,2.50ñ0.08
M2.5X142,142.00ñ1.02,2.50ñ0.08
M2.5X143,143.00ñ1.02,2.50ñ0.08
M2.5X144,144.00ñ1.02,2.50ñ0.08
M2.5X145,145.00ñ1.02,2.50ñ0.08
M2.5X146,146.00ñ1.02,2.50ñ0.08
M2.5X147,147.00ñ1.02,2.50ñ0.08
M2.5X148,148.00ñ1.02,2.50ñ0.08
M2.5X149,149.00ñ1.02,2.50ñ0.08
M2.5X150,150.00ñ1.02,2.50ñ0.08
M2.55X29.1,29.10ñ0.30,2.55ñ0.08
M2.62X9.13,9.13ñ0.13,2.62ñ0.08
M2.62X9.9,9.90ñ0.13,2.62ñ0.08
M2.62X11.91,11.91ñ0.15,2.62ñ0.08
M2.62X12.7,12.70ñ0.15,2.62ñ0.08
M2.62X13.1,13.10ñ0.15,2.62ñ0.08
M2.62X15.08,15.08ñ0.18,2.62ñ0.08
M2.62X15.88,15.88ñ0.18,2.62ñ0.08
M2.62X17.46,17.46ñ0.18,2.62ñ0.08
M2.62X17.86,17.86ñ0.20,2.62ñ0.08
M2.62X20.64,20.64ñ0.23,2.62ñ0.08
M2.62X22.23,22.23ñ0.23,2.62ñ0.08
M2.62X23.81,23.81ñ0.23,2.62ñ0.08
M2.62X74.3,74.30ñ0.56,2.62ñ0.08
M2.62X77.5,77.50ñ0.61,2.62ñ0.08
M2.62X80.6,80.60ñ0.61,2.62ñ0.08
M2.62X83.8,83.80ñ0.66,2.62ñ0.08
M2.65X14,14.00ñ0.15,2.65ñ0.08
M2.65X15,15.00ñ0.18,2.65ñ0.08
M2.65X16,16.00ñ0.18,2.65ñ0.08
M2.65X17,17.00ñ0.18,2.65ñ0.08
M2.65X18,18.00ñ0.20,2.65ñ0.08
M2.65X19,19.00ñ0.20,2.65ñ0.08
M2.65X20,20.00ñ0.20,2.65ñ0.08
M2.65X21.2,21.20ñ0.23,2.65ñ0.08
M2.65X22.4,22.40ñ0.23,2.65ñ0.08
M2.65X23.6,23.60ñ0.23,2.65ñ0.08
M2.65X25,25.00ñ0.25,2.65ñ0.08
M2.65X25.8,25.80ñ0.25,2.65ñ0.08
M2.65X26.5,26.50ñ0.25,2.65ñ0.08
M2.65X28,28.00ñ0.25,2.65ñ0.08
M2.65X30,30.00ñ0.30,2.65ñ0.08
M2.65X31.5,31.50ñ0.30,2.65ñ0.08
M2.65X32.5,32.50ñ0.30,2.65ñ0.08
M2.65X33.5,33.50ñ0.30,2.65ñ0.08
M2.65X34.5,34.50ñ0.30,2.65ñ0.08
M2.65X35.5,35.50ñ0.30,2.65ñ0.08
M2.65X36.5,36.50ñ0.36,2.65ñ0.08
M2.65X37.5,37.50ñ0.36,2.65ñ0.08
M2.65X38.7,38.70ñ0.36,2.65ñ0.08
M2.7X8.9,8.90ñ0.13,2.70ñ0.10
M2.7X10.5,10.50ñ0.13,2.70ñ0.10
M2.7X12.1,12.10ñ0.15,2.70ñ0.10
M2.7X13.6,13.60ñ0.15,2.70ñ0.10
M2.7X15.1,15.10ñ0.18,2.70ñ0.10
M2.7X16.9,16.90ñ0.18,2.70ñ0.10
M2.7X18.4,18.40ñ0.20,2.70ñ0.10
M2.7X27.3,27.30ñ0.25,2.70ñ0.10
M3X3,3.00ñ0.13,3.00ñ0.10
M3X3.5,3.50ñ0.13,3.00ñ0.10
M3X4,4.00ñ0.13,3.00ñ0.10
M3X4.5,4.50ñ0.13,3.00ñ0.10
M3X5,5.00ñ0.13,3.00ñ0.10
M3X5.5,5.50ñ0.13,3.00ñ0.10
M3X6,6.00ñ0.13,3.00ñ0.10
M3X6.5,6.50ñ0.13,3.00ñ0.10
M3X7,7.00ñ0.13,3.00ñ0.10
M3X7.5,7.50ñ0.13,3.00ñ0.10
M3X8,8.00ñ0.13,3.00ñ0.10
M3X8.5,8.50ñ0.13,3.00ñ0.10
M3X9,9.00ñ0.13,3.00ñ0.10
M3X9.5,9.50ñ0.13,3.00ñ0.10
M3X10,10.00ñ0.13,3.00ñ0.10
M3X10.5,10.50ñ0.13,3.00ñ0.10
M3X11,11.00ñ0.13,3.00ñ0.10
M3X11.5,11.50ñ0.13,3.00ñ0.10
M3X12,12.00ñ0.15,3.00ñ0.10
M3X12.5,12.50ñ0.15,3.00ñ0.10
M3X13,13.00ñ0.15,3.00ñ0.10
M3X13.5,13.50ñ0.15,3.00ñ0.10
M3X14,14.00ñ0.15,3.00ñ0.10
M3X14.5,14.50ñ0.18,3.00ñ0.10
M3X15,15.00ñ0.18,3.00ñ0.10
M3X15.5,15.50ñ0.18,3.00ñ0.10
M3X16,16.00ñ0.18,3.00ñ0.10
M3X16.5,16.50ñ0.18,3.00ñ0.10
M3X17,17.00ñ0.18,3.00ñ0.10
M3X17.5,17.50ñ0.18,3.00ñ0.10
M3X18,18.00ñ0.20,3.00ñ0.10
M3X18.5,18.50ñ0.20,3.00ñ0.10
M3X19,19.00ñ0.20,3.00ñ0.10
M3X19.2,19.20ñ0.20,3.00ñ0.10
M3X19.5,19.50ñ0.20,3.00ñ0.10
M3X20,20.00ñ0.20,3.00ñ0.10
M3X20.5,20.50ñ0.20,3.00ñ0.10
M3X21,21.00ñ0.23,3.00ñ0.10
M3X21.5,21.50ñ0.23,3.00ñ0.10
M3X22,22.00ñ0.23,3.00ñ0.10
M3X22.2,22.20ñ0.23,3.00ñ0.10
M3X22.5,22.50ñ0.23,3.00ñ0.10
M3X23,23.00ñ0.23,3.00ñ0.10
M3X23.5,23.50ñ0.23,3.00ñ0.10
M3X24,24.00ñ0.25,3.00ñ0.10
M3X24.2,24.20ñ0.25,3.00ñ0.10
M3X24.5,24.50ñ0.25,3.00ñ0.10
M3X24.6,24.60ñ0.25,3.00ñ0.10
M3X25,25.00ñ0.25,3.00ñ0.10
M3X25.5,25.50ñ0.25,3.00ñ0.10
M3X26,26.00ñ0.25,3.00ñ0.10
M3X26.2,26.20ñ0.25,3.00ñ0.10
M3X26.5,26.50ñ0.25,3.00ñ0.10
M3X27,27.00ñ0.25,3.00ñ0.10
M3X27.5,27.50ñ0.25,3.00ñ0.10
M3X28,28.00ñ0.25,3.00ñ0.10
M3X28.5,28.50ñ0.25,3.00ñ0.10
M3X29,29.00ñ0.30,3.00ñ0.10
M3X29.2,29.20ñ0.30,3.00ñ0.10
M3X29.5,29.50ñ0.30,3.00ñ0.10
M3X30,30.00ñ0.30,3.00ñ0.10
M3X30.5,30.50ñ0.30,3.00ñ0.10
M3X31,31.00ñ0.30,3.00ñ0.10
M3X31.5,31.50ñ0.30,3.00ñ0.10
M3X32,32.00ñ0.30,3.00ñ0.10
M3X32.2,32.20ñ0.30,3.00ñ0.10
M3X32.5,32.50ñ0.30,3.00ñ0.10
M3X33,33.00ñ0.30,3.00ñ0.10
M3X33.5,33.50ñ0.30,3.00ñ0.10
M3X34,34.00ñ0.30,3.00ñ0.10
M3X34.2,34.20ñ0.30,3.00ñ0.10
M3X34.5,34.50ñ0.30,3.00ñ0.10
M3X35,35.00ñ0.30,3.00ñ0.10
M3X35.5,35.50ñ0.30,3.00ñ0.10
M3X36,36.00ñ0.36,3.00ñ0.10
M3X36.2,36.20ñ0.36,3.00ñ0.10
M3X36.5,36.50ñ0.36,3.00ñ0.10
M3X37,37.00ñ0.36,3.00ñ0.10
M3X37.5,37.50ñ0.36,3.00ñ0.10
M3X38,38.00ñ0.36,3.00ñ0.10
M3X38.5,38.50ñ0.36,3.00ñ0.10
M3X39,39.00ñ0.36,3.00ñ0.10
M3X39.2,39.20ñ0.36,3.00ñ0.10
M3X39.5,39.50ñ0.36,3.00ñ0.10
M3X40,40.00ñ0.36,3.00ñ0.10
M3X41,41.00ñ0.36,3.00ñ0.10
M3X41.5,41.50ñ0.36,3.00ñ0.10
M3X42,42.00ñ0.36,3.00ñ0.10
M3X42.2,42.20ñ0.36,3.00ñ0.10
M3X42.5,42.50ñ0.36,3.00ñ0.10
M3X43,43.00ñ0.36,3.00ñ0.10
M3X44,44.00ñ0.41,3.00ñ0.10
M3X44.2,44.20ñ0.41,3.00ñ0.10
M3X44.5,44.50ñ0.41,3.00ñ0.10
M3X45,45.00ñ0.41,3.00ñ0.10
M3X46,46.00ñ0.41,3.00ñ0.10
M3X47,47.00ñ0.41,3.00ñ0.10
M3X48,48.00ñ0.41,3.00ñ0.10
M3X49,49.00ñ0.41,3.00ñ0.10
M3X49.5,49.50ñ0.41,3.00ñ0.10
M3X50,50.00ñ0.41,3.00ñ0.10
M3X50.5,50.50ñ0.41,3.00ñ0.10
M3X51,51.00ñ0.46,3.00ñ0.10
M3X52,52.00ñ0.46,3.00ñ0.10
M3X53,53.00ñ0.46,3.00ñ0.10
M3X54,54.00ñ0.46,3.00ñ0.10
M3X54.5,54.50ñ0.46,3.00ñ0.10
M3X55,55.00ñ0.46,3.00ñ0.10
M3X56,56.00ñ0.46,3.00ñ0.10
M3X57,57.00ñ0.46,3.00ñ0.10
M3X58,58.00ñ0.46,3.00ñ0.10
M3X59,59.00ñ0.51,3.00ñ0.10
M3X59.5,59.50ñ0.51,3.00ñ0.10
M3X60,60.00ñ0.51,3.00ñ0.10
M3X61,61.00ñ0.51,3.00ñ0.10
M3X62,62.00ñ0.51,3.00ñ0.10
M3X63,63.00ñ0.51,3.00ñ0.10
M3X64,64.00ñ0.51,3.00ñ0.10
M3X64.5,64.50ñ0.51,3.00ñ0.10
M3X65,65.00ñ0.51,3.00ñ0.10
M3X66,66.00ñ0.51,3.00ñ0.10
M3X67,67.00ñ0.56,3.00ñ0.10
M3X68,68.00ñ0.56,3.00ñ0.10
M3X69,69.00ñ0.56,3.00ñ0.10
M3X69.5,69.50ñ0.56,3.00ñ0.10
M3X70,70.00ñ0.56,3.00ñ0.10
M3X71,71.00ñ0.56,3.00ñ0.10
M3X72,72.00ñ0.56,3.00ñ0.10
M3X73,73.00ñ0.56,3.00ñ0.10
M3X74,74.00ñ0.56,3.00ñ0.10
M3X74.5,74.50ñ0.56,3.00ñ0.10
M3X75,75.00ñ0.61,3.00ñ0.10
M3X76,76.00ñ0.61,3.00ñ0.10
M3X77,77.00ñ0.61,3.00ñ0.10
M3X78,78.00ñ0.61,3.00ñ0.10
M3X79,79.00ñ0.61,3.00ñ0.10
M3X79.5,79.50ñ0.61,3.00ñ0.10
M3X80,80.00ñ0.61,3.00ñ0.10
M3X81,81.00ñ0.61,3.00ñ0.10
M3X82,82.00ñ0.61,3.00ñ0.10
M3X83,83.00ñ0.61,3.00ñ0.10
M3X84,84.00ñ0.66,3.00ñ0.10
M3X84.5,84.50ñ0.66,3.00ñ0.10
M3X85,85.00ñ0.66,3.00ñ0.10
M3X86,86.00ñ0.66,3.00ñ0.10
M3X87,87.00ñ0.66,3.00ñ0.10
M3X88,88.00ñ0.66,3.00ñ0.10
M3X89,89.00ñ0.66,3.00ñ0.10
M3X89.5,89.50ñ0.66,3.00ñ0.10
M3X90,90.00ñ0.66,3.00ñ0.10
M3X91,91.00ñ0.66,3.00ñ0.10
M3X92,92.00ñ0.66,3.00ñ0.10
M3X93,93.00ñ0.71,3.00ñ0.10
M3X94,94.00ñ0.71,3.00ñ0.10
M3X94.5,94.50ñ0.71,3.00ñ0.10
M3X95,95.00ñ0.71,3.00ñ0.10
M3X96,96.00ñ0.71,3.00ñ0.10
M3X97,97.00ñ0.71,3.00ñ0.10
M3X98,98.00ñ0.71,3.00ñ0.10
M3X99,99.00ñ0.71,3.00ñ0.10
M3X99.5,99.50ñ0.71,3.00ñ0.10
M3X100,100.00ñ0.71,3.00ñ0.10
M3X101,101.00ñ0.71,3.00ñ0.10
M3X102,102.00ñ0.76,3.00ñ0.10
M3X103,103.00ñ0.76,3.00ñ0.10
M3X104,104.00ñ0.76,3.00ñ0.10
M3X104.5,104.50ñ0.76,3.00ñ0.10
M3X105,105.00ñ0.76,3.00ñ0.10
M3X106,106.00ñ0.76,3.00ñ0.10
M3X107,107.00ñ0.76,3.00ñ0.10
M3X108,108.00ñ0.76,3.00ñ0.10
M3X109,109.00ñ0.76,3.00ñ0.10
M3X109.5,109.50ñ0.76,3.00ñ0.10
M3X110,110.00ñ0.76,3.00ñ0.10
M3X111,111.00ñ0.76,3.00ñ0.10
M3X112,112.00ñ0.76,3.00ñ0.10
M3X113,113.00ñ0.76,3.00ñ0.10
M3X114,114.00ñ0.76,3.00ñ0.10
M3X114.5,114.50ñ0.76,3.00ñ0.10
M3X115,115.00ñ0.76,3.00ñ0.10
M3X116,116.00ñ0.76,3.00ñ0.10
M3X117,117.00ñ0.76,3.00ñ0.10
M3X118,118.00ñ0.89,3.00ñ0.10
M3X119,119.00ñ0.89,3.00ñ0.10
M3X119.5,119.50ñ0.89,3.00ñ0.10
M3X120,120.00ñ0.89,3.00ñ0.10
M3X121,121.00ñ0.89,3.00ñ0.10
M3X122,122.00ñ0.89,3.00ñ0.10
M3X123,123.00ñ0.89,3.00ñ0.10
M3X124,124.00ñ0.89,3.00ñ0.10
M3X124.5,124.50ñ0.89,3.00ñ0.10
M3X125,125.00ñ0.89,3.00ñ0.10
M3X126,126.00ñ0.89,3.00ñ0.10
M3X127,127.00ñ0.89,3.00ñ0.10
M3X128,128.00ñ0.89,3.00ñ0.10
M3X129,129.00ñ0.89,3.00ñ0.10
M3X129.5,129.50ñ0.89,3.00ñ0.10
M3X130,130.00ñ0.89,3.00ñ0.10
M3X131,131.00ñ0.89,3.00ñ0.10
M3X132,132.00ñ0.89,3.00ñ0.10
M3X133,133.00ñ0.89,3.00ñ0.10
M3X134,134.00ñ0.89,3.00ñ0.10
M3X134.5,134.50ñ0.89,3.00ñ0.10
M3X135,135.00ñ0.89,3.00ñ0.10
M3X136,136.00ñ0.89,3.00ñ0.10
M3X137,137.00ñ0.89,3.00ñ0.10
M3X138,138.00ñ0.89,3.00ñ0.10
M3X139,139.00ñ0.89,3.00ñ0.10
M3X139.5,139.50ñ0.89,3.00ñ0.10
M3X140,140.00ñ0.89,3.00ñ0.10
M3X141,141.00ñ0.89,3.00ñ0.10
M3X142,142.00ñ1.02,3.00ñ0.10
M3X143,143.00ñ1.02,3.00ñ0.10
M3X144,144.00ñ1.02,3.00ñ0.10
M3X144.5,144.50ñ1.02,3.00ñ0.10
M3X145,145.00ñ1.02,3.00ñ0.10
M3X146,146.00ñ1.02,3.00ñ0.10
M3X147,147.00ñ1.02,3.00ñ0.10
M3X148,148.00ñ1.02,3.00ñ0.10
M3X149,149.00ñ1.02,3.00ñ0.10
M3X149.5,149.50ñ1.02,3.00ñ0.10
M3X150,150.00ñ1.02,3.00ñ0.10
M3X151,151.00ñ1.02,3.00ñ0.10
M3X152,152.00ñ1.02,3.00ñ0.10
M3X153,153.00ñ1.02,3.00ñ0.10
M3X154,154.00ñ1.02,3.00ñ0.10
M3X154.5,154.50ñ1.02,3.00ñ0.10
M3X155,155.00ñ1.02,3.00ñ0.10
M3X156,156.00ñ1.02,3.00ñ0.10
M3X157,157.00ñ1.02,3.00ñ0.10
M3X158,158.00ñ1.02,3.00ñ0.10
M3X159,159.00ñ1.02,3.00ñ0.10
M3X159.5,159.50ñ1.02,3.00ñ0.10
M3X160,160.00ñ1.02,3.00ñ0.10
M3X161,161.00ñ1.02,3.00ñ0.10
M3X162,162.00ñ1.02,3.00ñ0.10
M3X163,163.00ñ1.02,3.00ñ0.10
M3X164,164.00ñ1.02,3.00ñ0.10
M3X164.5,164.50ñ1.02,3.00ñ0.10
M3X165,165.00ñ1.02,3.00ñ0.10
M3X166,166.00ñ1.02,3.00ñ0.10
M3X167,167.00ñ1.14,3.00ñ0.10
M3X168,168.00ñ1.14,3.00ñ0.10
M3X169,169.00ñ1.14,3.00ñ0.10
M3X169.5,169.50ñ1.14,3.00ñ0.10
M3X170,170.00ñ1.14,3.00ñ0.10
M3X171,171.00ñ1.14,3.00ñ0.10
M3X172,172.00ñ1.14,3.00ñ0.10
M3X173,173.00ñ1.14,3.00ñ0.10
M3X174,174.00ñ1.14,3.00ñ0.10
M3X174.5,174.50ñ1.14,3.00ñ0.10
M3X175,175.00ñ1.14,3.00ñ0.10
M3X176,176.00ñ1.14,3.00ñ0.10
M3X177,177.00ñ1.14,3.00ñ0.10
M3X178,178.00ñ1.14,3.00ñ0.10
M3X179,179.00ñ1.14,3.00ñ0.10
M3X179.5,179.50ñ1.14,3.00ñ0.10
M3X180,180.00ñ1.14,3.00ñ0.10
M3X181,181.00ñ1.14,3.00ñ0.10
M3X182,182.00ñ1.14,3.00ñ0.10
M3X183,183.00ñ1.14,3.00ñ0.10
M3X184,184.00ñ1.14,3.00ñ0.10
M3X184.5,184.50ñ1.14,3.00ñ0.10
M3X185,185.00ñ1.14,3.00ñ0.10
M3X186,186.00ñ1.14,3.00ñ0.10
M3X187,187.00ñ1.14,3.00ñ0.10
M3X188,188.00ñ1.14,3.00ñ0.10
M3X189,189.00ñ1.14,3.00ñ0.10
M3X190,190.00ñ1.14,3.00ñ0.10
M3X191,191.00ñ1.14,3.00ñ0.10
M3X192,192.00ñ1.14,3.00ñ0.10
M3X193,193.00ñ1.27,3.00ñ0.10
M3X194,194.00ñ1.27,3.00ñ0.10
M3X194.5,194.50ñ1.27,3.00ñ0.10
M3X195,195.00ñ1.27,3.00ñ0.10
M3X196,196.00ñ1.27,3.00ñ0.10
M3X197,197.00ñ1.27,3.00ñ0.10
M3X198,198.00ñ1.27,3.00ñ0.10
M3X198.5,198.50ñ1.27,3.00ñ0.10
M3X199,199.00ñ1.27,3.00ñ0.10
M3X199.5,199.50ñ1.27,3.00ñ0.10
M3X200,200.00ñ1.27,3.00ñ0.10
M3X201,201.00ñ1.27,3.00ñ0.10
M3X202,202.00ñ1.27,3.00ñ0.10
M3X203,203.00ñ1.27,3.00ñ0.10
M3X204,204.00ñ1.27,3.00ñ0.10
M3X204.5,204.50ñ1.27,3.00ñ0.10
M3X205,205.00ñ1.27,3.00ñ0.10
M3X206,206.00ñ1.27,3.00ñ0.10
M3X207,207.00ñ1.27,3.00ñ0.10
M3X208,208.00ñ1.27,3.00ñ0.10
M3X209,209.00ñ1.27,3.00ñ0.10
M3X209.5,209.50ñ1.27,3.00ñ0.10
M3X210,210.00ñ1.27,3.00ñ0.10
M3X211,211.00ñ1.27,3.00ñ0.10
M3X212,212.00ñ1.27,3.00ñ0.10
M3X213,213.00ñ1.27,3.00ñ0.10
M3X214,214.00ñ1.27,3.00ñ0.10
M3X215,215.00ñ1.27,3.00ñ0.10
M3X216,216.00ñ1.27,3.00ñ0.10
M3X217,217.00ñ1.27,3.00ñ0.10
M3X218,218.00ñ1.27,3.00ñ0.10
M3X219,219.00ñ1.40,3.00ñ0.10
M3X219.5,219.50ñ1.40,3.00ñ0.10
M3X220,220.00ñ1.40,3.00ñ0.10
M3X221,221.00ñ1.40,3.00ñ0.10
M3X222,222.00ñ1.40,3.00ñ0.10
M3X223,223.00ñ1.40,3.00ñ0.10
M3X224,224.00ñ1.40,3.00ñ0.10
M3X225,225.00ñ1.40,3.00ñ0.10
M3X226,226.00ñ1.40,3.00ñ0.10
M3X227,227.00ñ1.40,3.00ñ0.10
M3X228,228.00ñ1.40,3.00ñ0.10
M3X229,229.00ñ1.40,3.00ñ0.10
M3X229.5,229.50ñ1.40,3.00ñ0.10
M3X230,230.00ñ1.40,3.00ñ0.10
M3X231,231.00ñ1.40,3.00ñ0.10
M3X232,232.00ñ1.40,3.00ñ0.10
M3X233,233.00ñ1.40,3.00ñ0.10
M3X234,234.00ñ1.40,3.00ñ0.10
M3X235,235.00ñ1.40,3.00ñ0.10
M3X236,236.00ñ1.40,3.00ñ0.10
M3X237,237.00ñ1.40,3.00ñ0.10
M3X238,238.00ñ1.40,3.00ñ0.10
M3X239,239.00ñ1.40,3.00ñ0.10
M3X239.5,239.50ñ1.40,3.00ñ0.10
M3X240,240.00ñ1.40,3.00ñ0.10
M3X241,241.00ñ1.40,3.00ñ0.10
M3X242,242.00ñ1.40,3.00ñ0.10
M3X243,243.00ñ1.40,3.00ñ0.10
M3X244,244.00ñ1.40,3.00ñ0.10
M3X245,245.00ñ1.40,3.00ñ0.10
M3X246,246.00ñ1.40,3.00ñ0.10
M3X247,247.00ñ1.52,3.00ñ0.10
M3X248,248.00ñ1.52,3.00ñ0.10
M3X249,249.00ñ1.52,3.00ñ0.10
M3X249.5,249.50ñ1.52,3.00ñ0.10
M3X250,250.00ñ1.52,3.00ñ0.10
M3.1X24.4,24.40ñ0.25,3.10ñ0.10
M3.1X29.4,29.40ñ0.30,3.10ñ0.10
M3.1X34.4,34.40ñ0.30,3.10ñ0.10
M3.1X39.4,39.40ñ0.36,3.10ñ0.10
M3.1X44.4,44.40ñ0.41,3.10ñ0.10
M3.1X49.4,49.40ñ0.41,3.10ñ0.10
M3.1X54.4,54.40ñ0.46,3.10ñ0.10
M3.1X59.4,59.40ñ0.51,3.10ñ0.10
M3.1X64.4,64.40ñ0.51,3.10ñ0.10
M3.1X69.4,69.40ñ0.56,3.10ñ0.10
M3.1X74.4,74.40ñ0.56,3.10ñ0.10
M3.1X79.4,79.40ñ0.61,3.10ñ0.10
M3.1X84.4,84.40ñ0.66,3.10ñ0.10
M3.1X89.4,89.40ñ0.66,3.10ñ0.10
M3.1X94.4,94.40ñ0.71,3.10ñ0.10
M3.1X99.4,99.40ñ0.71,3.10ñ0.10
M3.1X104.4,104.40ñ0.76,3.10ñ0.10
M3.1X109.4,109.40ñ0.76,3.10ñ0.10
M3.1X114.4,114.40ñ0.76,3.10ñ0.10
M3.1X119.4,119.40ñ0.89,3.10ñ0.10
M3.1X124.4,124.40ñ0.89,3.10ñ0.10
M3.1X129.4,129.40ñ0.89,3.10ñ0.10
M3.1X134.4,134.40ñ0.89,3.10ñ0.10
M3.1X139.4,139.40ñ0.89,3.10ñ0.10
M3.1X144.4,144.40ñ1.02,3.10ñ0.10
M3.5X8,8.00ñ0.13,3.50ñ0.10
M3.5X9,9.00ñ0.13,3.50ñ0.10
M3.5X10,10.00ñ0.13,3.50ñ0.10
M3.5X11,11.00ñ0.13,3.50ñ0.10
M3.5X12,12.00ñ0.15,3.50ñ0.10
M3.5X13,13.00ñ0.15,3.50ñ0.10
M3.5X14,14.00ñ0.15,3.50ñ0.10
M3.5X15,15.00ñ0.18,3.50ñ0.10
M3.5X16,16.00ñ0.18,3.50ñ0.10
M3.5X17,17.00ñ0.18,3.50ñ0.10
M3.5X18,18.00ñ0.20,3.50ñ0.10
M3.5X19,19.00ñ0.20,3.50ñ0.10
M3.5X20,20.00ñ0.20,3.50ñ0.10
M3.5X21,21.00ñ0.23,3.50ñ0.10
M3.5X21.7,21.70ñ0.23,3.50ñ0.10
M3.5X22,22.00ñ0.23,3.50ñ0.10
M3.5X22.1,22.10ñ0.23,3.50ñ0.10
M3.5X23,23.00ñ0.23,3.50ñ0.10
M3.5X23.7,23.70ñ0.23,3.50ñ0.10
M3.5X24,24.00ñ0.25,3.50ñ0.10
M3.5X24.7,24.70ñ0.25,3.50ñ0.10
M3.5X25,25.00ñ0.25,3.50ñ0.10
M3.5X25.2,25.20ñ0.25,3.50ñ0.10
M3.5X25.7,25.70ñ0.25,3.50ñ0.10
M3.5X26,26.00ñ0.25,3.50ñ0.10
M3.5X27,27.00ñ0.25,3.50ñ0.10
M3.5X27.7,27.70ñ0.25,3.50ñ0.10
M3.5X28,28.00ñ0.25,3.50ñ0.10
M3.5X28.7,28.70ñ0.25,3.50ñ0.10
M3.5X29,29.00ñ0.30,3.50ñ0.10
M3.5X29.7,29.70ñ0.30,3.50ñ0.10
M3.5X30,30.00ñ0.30,3.50ñ0.10
M3.5X30.7,30.70ñ0.30,3.50ñ0.10
M3.5X31,31.00ñ0.30,3.50ñ0.10
M3.5X31.2,31.20ñ0.30,3.50ñ0.10
M3.5X31.7,31.70ñ0.30,3.50ñ0.10
M3.5X32,32.00ñ0.30,3.50ñ0.10
M3.5X33,33.00ñ0.30,3.50ñ0.10
M3.5X34,34.00ñ0.30,3.50ñ0.10
M3.5X34.7,34.70ñ0.30,3.50ñ0.10
M3.5X35,35.00ñ0.30,3.50ñ0.10
M3.5X35.2,35.20ñ0.30,3.50ñ0.10
M3.5X35.7,35.70ñ0.36,3.50ñ0.10
M3.5X36,36.00ñ0.36,3.50ñ0.10
M3.5X37,37.00ñ0.36,3.50ñ0.10
M3.5X37.7,37.70ñ0.36,3.50ñ0.10
M3.5X38,38.00ñ0.36,3.50ñ0.10
M3.5X38.7,38.70ñ0.36,3.50ñ0.10
M3.5X39,39.00ñ0.36,3.50ñ0.10
M3.5X39.7,39.70ñ0.36,3.50ñ0.10
M3.5X40,40.00ñ0.36,3.50ñ0.10
M3.5X40.7,40.70ñ0.36,3.50ñ0.10
M3.5X41,41.00ñ0.36,3.50ñ0.10
M3.5X41.7,41.70ñ0.36,3.50ñ0.10
M3.5X42,42.00ñ0.36,3.50ñ0.10
M3.5X43,43.00ñ0.36,3.50ñ0.10
M3.5X43.7,43.70ñ0.41,3.50ñ0.10
M3.5X44,44.00ñ0.41,3.50ñ0.10
M3.5X44.7,44.70ñ0.41,3.50ñ0.10
M3.5X45,45.00ñ0.41,3.50ñ0.10
M3.5X45.7,45.70ñ0.41,3.50ñ0.10
M3.5X46,46.00ñ0.41,3.50ñ0.10
M3.5X47,47.00ñ0.41,3.50ñ0.10
M3.5X47.7,47.70ñ0.41,3.50ñ0.10
M3.5X48,48.00ñ0.41,3.50ñ0.10
M3.5X48.7,48.70ñ0.41,3.50ñ0.10
M3.5X49,49.00ñ0.41,3.50ñ0.10
M3.5X49.7,49.70ñ0.41,3.50ñ0.10
M3.5X50,50.00ñ0.41,3.50ñ0.10
M3.5X51,51.00ñ0.46,3.50ñ0.10
M3.5X52,52.00ñ0.46,3.50ñ0.10
M3.5X53,53.00ñ0.46,3.50ñ0.10
M3.5X54,54.00ñ0.46,3.50ñ0.10
M3.5X55,55.00ñ0.46,3.50ñ0.10
M3.5X56,56.00ñ0.46,3.50ñ0.10
M3.5X57,57.00ñ0.46,3.50ñ0.10
M3.5X58,58.00ñ0.46,3.50ñ0.10
M3.5X59,59.00ñ0.51,3.50ñ0.10
M3.5X60,60.00ñ0.51,3.50ñ0.10
M3.5X61,61.00ñ0.51,3.50ñ0.10
M3.5X62,62.00ñ0.51,3.50ñ0.10
M3.5X63,63.00ñ0.51,3.50ñ0.10
M3.5X64,64.00ñ0.51,3.50ñ0.10
M3.5X65,65.00ñ0.51,3.50ñ0.10
M3.5X66,66.00ñ0.51,3.50ñ0.10
M3.5X67,67.00ñ0.56,3.50ñ0.10
M3.5X68,68.00ñ0.56,3.50ñ0.10
M3.5X69,69.00ñ0.56,3.50ñ0.10
M3.5X70,70.00ñ0.56,3.50ñ0.10
M3.5X71,71.00ñ0.56,3.50ñ0.10
M3.5X72,72.00ñ0.56,3.50ñ0.10
M3.5X73,73.00ñ0.56,3.50ñ0.10
M3.5X74,74.00ñ0.56,3.50ñ0.10
M3.5X75,75.00ñ0.61,3.50ñ0.10
M3.5X76,76.00ñ0.61,3.50ñ0.10
M3.5X77,77.00ñ0.61,3.50ñ0.10
M3.5X78,78.00ñ0.61,3.50ñ0.10
M3.5X79,79.00ñ0.61,3.50ñ0.10
M3.5X80,80.00ñ0.61,3.50ñ0.10
M3.5X81,81.00ñ0.61,3.50ñ0.10
M3.5X82,82.00ñ0.61,3.50ñ0.10
M3.5X83,83.00ñ0.61,3.50ñ0.10
M3.5X84,84.00ñ0.66,3.50ñ0.10
M3.5X85,85.00ñ0.66,3.50ñ0.10
M3.5X86,86.00ñ0.66,3.50ñ0.10
M3.5X87,87.00ñ0.66,3.50ñ0.10
M3.5X88,88.00ñ0.66,3.50ñ0.10
M3.5X89,89.00ñ0.66,3.50ñ0.10
M3.5X90,90.00ñ0.66,3.50ñ0.10
M3.5X91,91.00ñ0.66,3.50ñ0.10
M3.5X92,92.00ñ0.66,3.50ñ0.10
M3.5X93,93.00ñ0.71,3.50ñ0.10
M3.5X94,94.00ñ0.71,3.50ñ0.10
M3.5X95,95.00ñ0.71,3.50ñ0.10
M3.5X96,96.00ñ0.71,3.50ñ0.10
M3.5X97,97.00ñ0.71,3.50ñ0.10
M3.5X98,98.00ñ0.71,3.50ñ0.10
M3.5X99,99.00ñ0.71,3.50ñ0.10
M3.5X100,100.00ñ0.71,3.50ñ0.10
M3.5X101,101.00ñ0.71,3.50ñ0.10
M3.5X102,102.00ñ0.76,3.50ñ0.10
M3.5X103,103.00ñ0.76,3.50ñ0.10
M3.5X104,104.00ñ0.76,3.50ñ0.10
M3.5X105,105.00ñ0.76,3.50ñ0.10
M3.5X106,106.00ñ0.76,3.50ñ0.10
M3.5X107,107.00ñ0.76,3.50ñ0.10
M3.5X108,108.00ñ0.76,3.50ñ0.10
M3.5X109,109.00ñ0.76,3.50ñ0.10
M3.5X110,110.00ñ0.76,3.50ñ0.10
M3.5X111,111.00ñ0.76,3.50ñ0.10
M3.5X112,112.00ñ0.76,3.50ñ0.10
M3.5X113,113.00ñ0.76,3.50ñ0.10
M3.5X114,114.00ñ0.76,3.50ñ0.10
M3.5X115,115.00ñ0.76,3.50ñ0.10
M3.5X116,116.00ñ0.76,3.50ñ0.10
M3.5X117,117.00ñ0.76,3.50ñ0.10
M3.5X118,118.00ñ0.89,3.50ñ0.10
M3.5X119,119.00ñ0.89,3.50ñ0.10
M3.5X120,120.00ñ0.89,3.50ñ0.10
M3.5X121,121.00ñ0.89,3.50ñ0.10
M3.5X122,122.00ñ0.89,3.50ñ0.10
M3.5X123,123.00ñ0.89,3.50ñ0.10
M3.5X124,124.00ñ0.89,3.50ñ0.10
M3.5X125,125.00ñ0.89,3.50ñ0.10
M3.5X126,126.00ñ0.89,3.50ñ0.10
M3.5X127,127.00ñ0.89,3.50ñ0.10
M3.5X128,128.00ñ0.89,3.50ñ0.10
M3.5X129,129.00ñ0.89,3.50ñ0.10
M3.5X130,130.00ñ0.89,3.50ñ0.10
M3.5X131,131.00ñ0.89,3.50ñ0.10
M3.5X132,132.00ñ0.89,3.50ñ0.10
M3.5X133,133.00ñ0.89,3.50ñ0.10
M3.5X134,134.00ñ0.89,3.50ñ0.10
M3.5X135,135.00ñ0.89,3.50ñ0.10
M3.5X136,136.00ñ0.89,3.50ñ0.10
M3.5X137,137.00ñ0.89,3.50ñ0.10
M3.5X138,138.00ñ0.89,3.50ñ0.10
M3.5X139,139.00ñ0.89,3.50ñ0.10
M3.5X140,140.00ñ0.89,3.50ñ0.10
M3.5X141,141.00ñ0.89,3.50ñ0.10
M3.5X142,142.00ñ1.02,3.50ñ0.10
M3.5X143,143.00ñ1.02,3.50ñ0.10
M3.5X144,144.00ñ1.02,3.50ñ0.10
M3.5X145,145.00ñ1.02,3.50ñ0.10
M3.5X146,146.00ñ1.02,3.50ñ0.10
M3.5X147,147.00ñ1.02,3.50ñ0.10
M3.5X148,148.00ñ1.02,3.50ñ0.10
M3.5X149,149.00ñ1.02,3.50ñ0.10
M3.5X150,150.00ñ1.02,3.50ñ0.10
M3.5X151,151.00ñ1.02,3.50ñ0.10
M3.5X152,152.00ñ1.02,3.50ñ0.10
M3.5X153,153.00ñ1.02,3.50ñ0.10
M3.5X154,154.00ñ1.02,3.50ñ0.10
M3.5X155,155.00ñ1.02,3.50ñ0.10
M3.5X156,156.00ñ1.02,3.50ñ0.10
M3.5X157,157.00ñ1.02,3.50ñ0.10
M3.5X158,158.00ñ1.02,3.50ñ0.10
M3.5X159,159.00ñ1.02,3.50ñ0.10
M3.5X160,160.00ñ1.02,3.50ñ0.10
M3.5X161,161.00ñ1.02,3.50ñ0.10
M3.5X162,162.00ñ1.02,3.50ñ0.10
M3.5X163,163.00ñ1.02,3.50ñ0.10
M3.5X164,164.00ñ1.02,3.50ñ0.10
M3.5X165,165.00ñ1.02,3.50ñ0.10
M3.5X166,166.00ñ1.02,3.50ñ0.10
M3.5X167,167.00ñ1.14,3.50ñ0.10
M3.5X168,168.00ñ1.14,3.50ñ0.10
M3.5X169,169.00ñ1.14,3.50ñ0.10
M3.5X170,170.00ñ1.14,3.50ñ0.10
M3.5X171,171.00ñ1.14,3.50ñ0.10
M3.5X172,172.00ñ1.14,3.50ñ0.10
M3.5X173,173.00ñ1.14,3.50ñ0.10
M3.5X174,174.00ñ1.14,3.50ñ0.10
M3.5X175,175.00ñ1.14,3.50ñ0.10
M3.5X176,176.00ñ1.14,3.50ñ0.10
M3.5X177,177.00ñ1.14,3.50ñ0.10
M3.5X178,178.00ñ1.14,3.50ñ0.10
M3.5X179,179.00ñ1.14,3.50ñ0.10
M3.5X180,180.00ñ1.14,3.50ñ0.10
M3.5X181,181.00ñ1.14,3.50ñ0.10
M3.5X182,182.00ñ1.14,3.50ñ0.10
M3.5X183,183.00ñ1.14,3.50ñ0.10
M3.5X184,184.00ñ1.14,3.50ñ0.10
M3.5X185,185.00ñ1.14,3.50ñ0.10
M3.5X186,186.00ñ1.14,3.50ñ0.10
M3.5X187,187.00ñ1.14,3.50ñ0.10
M3.5X188,188.00ñ1.14,3.50ñ0.10
M3.5X189,189.00ñ1.14,3.50ñ0.10
M3.5X190,190.00ñ1.14,3.50ñ0.10
M3.5X191,191.00ñ1.14,3.50ñ0.10
M3.5X192,192.00ñ1.14,3.50ñ0.10
M3.5X193,193.00ñ1.27,3.50ñ0.10
M3.5X194,194.00ñ1.27,3.50ñ0.10
M3.5X195,195.00ñ1.27,3.50ñ0.10
M3.5X196,196.00ñ1.27,3.50ñ0.10
M3.5X197,197.00ñ1.27,3.50ñ0.10
M3.5X198,198.00ñ1.27,3.50ñ0.10
M3.5X199,199.00ñ1.27,3.50ñ0.10
M3.5X200,200.00ñ1.27,3.50ñ0.10
M3.5X201,201.00ñ1.27,3.50ñ0.10
M3.5X202,202.00ñ1.27,3.50ñ0.10
M3.5X203,203.00ñ1.27,3.50ñ0.10
M3.5X204,204.00ñ1.27,3.50ñ0.10
M3.5X205,205.00ñ1.27,3.50ñ0.10
M3.5X206,206.00ñ1.27,3.50ñ0.10
M3.5X207,207.00ñ1.27,3.50ñ0.10
M3.5X208,208.00ñ1.27,3.50ñ0.10
M3.5X209,209.00ñ1.27,3.50ñ0.10
M3.5X210,210.00ñ1.27,3.50ñ0.10
M3.5X211,211.00ñ1.27,3.50ñ0.10
M3.5X212,212.00ñ1.27,3.50ñ0.10
M3.5X213,213.00ñ1.27,3.50ñ0.10
M3.5X214,214.00ñ1.27,3.50ñ0.10
M3.5X215,215.00ñ1.27,3.50ñ0.10
M3.5X216,216.00ñ1.27,3.50ñ0.10
M3.5X217,217.00ñ1.27,3.50ñ0.10
M3.5X218,218.00ñ1.27,3.50ñ0.10
M3.5X219,219.00ñ1.40,3.50ñ0.10
M3.5X220,220.00ñ1.40,3.50ñ0.10
M3.5X221,221.00ñ1.40,3.50ñ0.10
M3.5X222,222.00ñ1.40,3.50ñ0.10
M3.5X223,223.00ñ1.40,3.50ñ0.10
M3.5X224,224.00ñ1.40,3.50ñ0.10
M3.5X225,225.00ñ1.40,3.50ñ0.10
M3.5X226,226.00ñ1.40,3.50ñ0.10
M3.5X227,227.00ñ1.40,3.50ñ0.10
M3.5X228,228.00ñ1.40,3.50ñ0.10
M3.5X229,229.00ñ1.40,3.50ñ0.10
M3.5X230,230.00ñ1.40,3.50ñ0.10
M3.5X231,231.00ñ1.40,3.50ñ0.10
M3.5X232,232.00ñ1.40,3.50ñ0.10
M3.5X233,233.00ñ1.40,3.50ñ0.10
M3.5X234,234.00ñ1.40,3.50ñ0.10
M3.5X235,235.00ñ1.40,3.50ñ0.10
M3.5X236,236.00ñ1.40,3.50ñ0.10
M3.5X237,237.00ñ1.40,3.50ñ0.10
M3.5X238,238.00ñ1.40,3.50ñ0.10
M3.5X239,239.00ñ1.40,3.50ñ0.10
M3.5X240,240.00ñ1.40,3.50ñ0.10
M3.5X241,241.00ñ1.40,3.50ñ0.10
M3.5X242,242.00ñ1.40,3.50ñ0.10
M3.5X243,243.00ñ1.40,3.50ñ0.10
M3.5X244,244.00ñ1.40,3.50ñ0.10
M3.5X245,245.00ñ1.40,3.50ñ0.10
M3.5X246,246.00ñ1.40,3.50ñ0.10
M3.5X247,247.00ñ1.52,3.50ñ0.10
M3.5X248,248.00ñ1.52,3.50ñ0.10
M3.5X249,249.00ñ1.52,3.50ñ0.10
M3.5X250,250.00ñ1.52,3.50ñ0.10
M3.5X251,251.00ñ1.52,3.50ñ0.10
M3.5X252,252.00ñ1.52,3.50ñ0.10
M3.5X253,253.00ñ1.52,3.50ñ0.10
M3.5X254,254.00ñ1.52,3.50ñ0.10
M3.5X255,255.00ñ1.52,3.50ñ0.10
M3.5X256,256.00ñ1.52,3.50ñ0.10
M3.5X257,257.00ñ1.52,3.50ñ0.10
M3.5X258,258.00ñ1.52,3.50ñ0.10
M3.5X259,259.00ñ1.52,3.50ñ0.10
M3.5X260,260.00ñ1.52,3.50ñ0.10
M3.5X261,261.00ñ1.52,3.50ñ0.10
M3.5X262,262.00ñ1.52,3.50ñ0.10
M3.5X263,263.00ñ1.52,3.50ñ0.10
M3.5X264,264.00ñ1.52,3.50ñ0.10
M3.5X265,265.00ñ1.52,3.50ñ0.10
M3.5X266,266.00ñ1.52,3.50ñ0.10
M3.5X267,267.00ñ1.52,3.50ñ0.10
M3.5X268,268.00ñ1.52,3.50ñ0.10
M3.5X269,269.00ñ1.52,3.50ñ0.10
M3.5X270,270.00ñ1.52,3.50ñ0.10
M3.5X271,271.00ñ1.52,3.50ñ0.10
M3.5X272,272.00ñ1.52,3.50ñ0.10
M3.5X273,273.00ñ1.52,3.50ñ0.10
M3.5X274,274.00ñ1.52,3.50ñ0.10
M3.5X275,275.00ñ1.52,3.50ñ0.10
M3.5X276,276.00ñ1.52,3.50ñ0.10
M3.5X277,277.00ñ1.52,3.50ñ0.10
M3.5X278,278.00ñ1.52,3.50ñ0.10
M3.5X279,279.00ñ1.52,3.50ñ0.10
M3.5X280,280.00ñ1.52,3.50ñ0.10
M3.5X281,281.00ñ1.52,3.50ñ0.10
M3.5X282,282.00ñ1.52,3.50ñ0.10
M3.5X283,283.00ñ1.52,3.50ñ0.10
M3.5X284,284.00ñ1.52,3.50ñ0.10
M3.5X285,285.00ñ1.52,3.50ñ0.10
M3.5X286,286.00ñ1.52,3.50ñ0.10
M3.5X287,287.00ñ1.52,3.50ñ0.10
M3.5X288,288.00ñ1.52,3.50ñ0.10
M3.5X289,289.00ñ1.52,3.50ñ0.10
M3.5X290,290.00ñ1.78,3.50ñ0.10
M3.5X291,291.00ñ1.78,3.50ñ0.10
M3.5X292,292.00ñ1.78,3.50ñ0.10
M3.5X293,293.00ñ1.78,3.50ñ0.10
M3.5X294,294.00ñ1.78,3.50ñ0.10
M3.5X295,295.00ñ1.78,3.50ñ0.10
M3.5X296,296.00ñ1.78,3.50ñ0.10
M3.5X297,297.00ñ1.78,3.50ñ0.10
M3.5X298,298.00ñ1.78,3.50ñ0.10
M3.5X299,299.00ñ1.78,3.50ñ0.10
M3.5X300,300.00ñ1.78,3.50ñ0.10
M3.5X301,301.00ñ1.78,3.50ñ0.10
M3.5X302,302.00ñ1.78,3.50ñ0.10
M3.5X303,303.00ñ1.78,3.50ñ0.10
M3.5X304,304.00ñ1.78,3.50ñ0.10
M3.5X305,305.00ñ1.78,3.50ñ0.10
M3.5X306,306.00ñ1.78,3.50ñ0.10
M3.5X307,307.00ñ1.78,3.50ñ0.10
M3.5X308,308.00ñ1.78,3.50ñ0.10
M3.5X309,309.00ñ1.78,3.50ñ0.10
M3.5X310,310.00ñ1.78,3.50ñ0.10
M3.5X311,311.00ñ1.78,3.50ñ0.10
M3.5X312,312.00ñ1.78,3.50ñ0.10
M3.5X313,313.00ñ1.78,3.50ñ0.10
M3.5X314,314.00ñ1.78,3.50ñ0.10
M3.5X315,315.00ñ1.78,3.50ñ0.10
M3.5X316,316.00ñ1.78,3.50ñ0.10
M3.5X317,317.00ñ1.78,3.50ñ0.10
M3.5X318,318.00ñ1.78,3.50ñ0.10
M3.5X319,319.00ñ1.78,3.50ñ0.10
M3.5X320,320.00ñ1.78,3.50ñ0.10
M3.5X321,321.00ñ1.78,3.50ñ0.10
M3.5X322,322.00ñ1.78,3.50ñ0.10
M3.5X323,323.00ñ1.78,3.50ñ0.10
M3.5X324,324.00ñ1.78,3.50ñ0.10
M3.5X325,325.00ñ1.78,3.50ñ0.10
M3.5X326,326.00ñ1.78,3.50ñ0.10
M3.5X327,327.00ñ1.78,3.50ñ0.10
M3.5X328,328.00ñ1.78,3.50ñ0.10
M3.5X329,329.00ñ1.78,3.50ñ0.10
M3.5X330,330.00ñ1.78,3.50ñ0.10
M3.5X331,331.00ñ1.78,3.50ñ0.10
M3.5X332,332.00ñ1.78,3.50ñ0.10
M3.5X333,333.00ñ1.78,3.50ñ0.10
M3.5X334,334.00ñ1.78,3.50ñ0.10
M3.5X335,335.00ñ1.78,3.50ñ0.10
M3.5X336,336.00ñ1.78,3.50ñ0.10
M3.5X337,337.00ñ1.78,3.50ñ0.10
M3.5X338,338.00ñ1.78,3.50ñ0.10
M3.5X339,339.00ñ1.78,3.50ñ0.10
M3.5X340,340.00ñ1.78,3.50ñ0.10
M3.5X341,341.00ñ1.78,3.50ñ0.10
M3.5X342,342.00ñ1.78,3.50ñ0.10
M3.5X343,343.00ñ1.78,3.50ñ0.10
M3.5X344,344.00ñ1.78,3.50ñ0.10
M3.5X345,345.00ñ1.78,3.50ñ0.10
M3.5X346,346.00ñ1.78,3.50ñ0.10
M3.5X347,347.00ñ1.78,3.50ñ0.10
M3.5X348,348.00ñ2.03,3.50ñ0.10
M3.5X349,349.00ñ2.03,3.50ñ0.10
M3.5X350,350.00ñ2.03,3.50ñ0.10
M3.5X351,351.00ñ2.03,3.50ñ0.10
M3.5X352,352.00ñ2.03,3.50ñ0.10
M3.5X353,353.00ñ2.03,3.50ñ0.10
M3.5X354,354.00ñ2.03,3.50ñ0.10
M3.5X355,355.00ñ2.03,3.50ñ0.10
M3.5X356,356.00ñ2.03,3.50ñ0.10
M3.5X357,357.00ñ2.03,3.50ñ0.10
M3.5X358,358.00ñ2.03,3.50ñ0.10
M3.5X359,359.00ñ2.03,3.50ñ0.10
M3.5X360,360.00ñ2.03,3.50ñ0.10
M3.5X361,361.00ñ2.03,3.50ñ0.10
M3.5X362,362.00ñ2.03,3.50ñ0.10
M3.5X363,363.00ñ2.03,3.50ñ0.10
M3.5X364,364.00ñ2.03,3.50ñ0.10
M3.5X365,365.00ñ2.03,3.50ñ0.10
M3.5X366,366.00ñ2.03,3.50ñ0.10
M3.5X367,367.00ñ2.03,3.50ñ0.10
M3.5X368,368.00ñ2.03,3.50ñ0.10
M3.5X369,369.00ñ2.03,3.50ñ0.10
M3.5X370,370.00ñ2.03,3.50ñ0.10
M3.5X371,371.00ñ2.03,3.50ñ0.10
M3.5X372,372.00ñ2.03,3.50ñ0.10
M3.5X373,373.00ñ2.03,3.50ñ0.10
M3.5X374,374.00ñ2.03,3.50ñ0.10
M3.5X375,375.00ñ2.03,3.50ñ0.10
M3.5X376,376.00ñ2.03,3.50ñ0.10
M3.5X377,377.00ñ2.03,3.50ñ0.10
M3.5X378,378.00ñ2.03,3.50ñ0.10
M3.5X379,379.00ñ2.03,3.50ñ0.10
M3.5X380,380.00ñ2.03,3.50ñ0.10
M3.5X381,381.00ñ2.03,3.50ñ0.10
M3.5X382,382.00ñ2.03,3.50ñ0.10
M3.5X383,383.00ñ2.03,3.50ñ0.10
M3.5X384,384.00ñ2.03,3.50ñ0.10
M3.5X385,385.00ñ2.03,3.50ñ0.10
M3.5X386,386.00ñ2.03,3.50ñ0.10
M3.5X387,387.00ñ2.03,3.50ñ0.10
M3.5X388,388.00ñ2.03,3.50ñ0.10
M3.5X389,389.00ñ2.03,3.50ñ0.10
M3.5X390,390.00ñ2.03,3.50ñ0.10
M3.5X391,391.00ñ2.03,3.50ñ0.10
M3.5X392,392.00ñ2.03,3.50ñ0.10
M3.5X393,393.00ñ2.03,3.50ñ0.10
M3.5X394,394.00ñ2.03,3.50ñ0.10
M3.5X395,395.00ñ2.03,3.50ñ0.10
M3.5X396,396.00ñ2.03,3.50ñ0.10
M3.5X397,397.00ñ2.03,3.50ñ0.10
M3.5X398,398.00ñ2.03,3.50ñ0.10
M3.5X399,399.00ñ2.03,3.50ñ0.10
M3.5X400,400.00ñ2.03,3.50ñ0.10
M3.5X401,401.00ñ2.03,3.50ñ0.10
M3.5X402,402.00ñ2.03,3.50ñ0.10
M3.5X403,403.00ñ2.03,3.50ñ0.10
M3.5X404,404.00ñ2.03,3.50ñ0.10
M3.5X405,405.00ñ2.03,3.50ñ0.10
M3.5X406,406.00ñ2.03,3.50ñ0.10
M3.5X407,407.00ñ2.03,3.50ñ0.10
M3.5X408,408.00ñ2.03,3.50ñ0.10
M3.5X409,409.00ñ2.29,3.50ñ0.10
M3.5X410,410.00ñ2.29,3.50ñ0.10
M3.5X411,411.00ñ2.29,3.50ñ0.10
M3.5X412,412.00ñ2.29,3.50ñ0.10
M3.5X413,413.00ñ2.29,3.50ñ0.10
M3.5X414,414.00ñ2.29,3.50ñ0.10
M3.5X415,415.00ñ2.29,3.50ñ0.10
M3.5X416,416.00ñ2.29,3.50ñ0.10
M3.5X417,417.00ñ2.29,3.50ñ0.10
M3.5X418,418.00ñ2.29,3.50ñ0.10
M3.5X419,419.00ñ2.29,3.50ñ0.10
M3.5X420,420.00ñ2.29,3.50ñ0.10
M3.5X421,421.00ñ2.29,3.50ñ0.10
M3.5X422,422.00ñ2.29,3.50ñ0.10
M3.5X423,423.00ñ2.29,3.50ñ0.10
M3.5X424,424.00ñ2.29,3.50ñ0.10
M3.5X425,425.00ñ2.29,3.50ñ0.10
M3.5X426,426.00ñ2.29,3.50ñ0.10
M3.5X427,427.00ñ2.29,3.50ñ0.10
M3.5X428,428.00ñ2.29,3.50ñ0.10
M3.5X429,429.00ñ2.29,3.50ñ0.10
M3.5X430,430.00ñ2.29,3.50ñ0.10
M3.5X431,431.00ñ2.29,3.50ñ0.10
M3.5X432,432.00ñ2.29,3.50ñ0.10
M3.5X433,433.00ñ2.29,3.50ñ0.10
M3.5X434,434.00ñ2.29,3.50ñ0.10
M3.5X435,435.00ñ2.29,3.50ñ0.10
M3.5X436,436.00ñ2.29,3.50ñ0.10
M3.5X437,437.00ñ2.29,3.50ñ0.10
M3.5X438,438.00ñ2.29,3.50ñ0.10
M3.5X439,439.00ñ2.29,3.50ñ0.10
M3.5X440,440.00ñ2.29,3.50ñ0.10
M3.53X25.8,25.80ñ0.25,3.53ñ0.10
M3.53X39.7,39.70ñ0.36,3.53ñ0.10
M3.53X41.28,41.28ñ0.36,3.53ñ0.10
M3.53X42.86,42.86ñ0.36,3.53ñ0.10
M3.53X44.45,44.45ñ0.41,3.53ñ0.10
M3.53X46.04,46.04ñ0.41,3.53ñ0.10
M3.53X47.62,47.62ñ0.41,3.53ñ0.10
M3.53X49.2,49.20ñ0.41,3.53ñ0.10
M3.53X50.8,50.80ñ0.41,3.53ñ0.10
M3.53X52.4,52.40ñ0.46,3.53ñ0.10
M3.53X53.97,53.97ñ0.46,3.53ñ0.10
M3.53X55.56,55.56ñ0.46,3.53ñ0.10
M3.53X57.15,57.15ñ0.46,3.53ñ0.10
M3.53X58.74,58.74ñ0.51,3.53ñ0.10
M3.53X60.32,60.32ñ0.51,3.53ñ0.10
M3.53X61.9,61.90ñ0.51,3.53ñ0.10
M3.53X63.5,63.50ñ0.51,3.53ñ0.10
M3.53X65.1,65.10ñ0.51,3.53ñ0.10
M3.53X66.67,66.67ñ0.56,3.53ñ0.10
M3.53X68.26,68.26ñ0.56,3.53ñ0.10
M3.53X69.85,69.85ñ0.56,3.53ñ0.10
M3.53X71.44,71.44ñ0.56,3.53ñ0.10
M3.53X73.02,73.02ñ0.56,3.53ñ0.10
M3.53X74.6,74.60ñ0.56,3.53ñ0.10
M3.53X145.64,145.64ñ1.02,3.53ñ0.10
M3.55X18,18.00ñ0.20,3.55ñ0.10
M3.55X19,19.00ñ0.20,3.55ñ0.10
M3.55X20,20.00ñ0.20,3.55ñ0.10
M3.55X21.2,21.20ñ0.23,3.55ñ0.10
M3.55X22.4,22.40ñ0.23,3.55ñ0.10
M3.55X23.6,23.60ñ0.23,3.55ñ0.10
M3.55X25,25.00ñ0.25,3.55ñ0.10
M3.55X25.8,25.80ñ0.25,3.55ñ0.10
M3.55X26.5,26.50ñ0.25,3.55ñ0.10
M3.55X28,28.00ñ0.25,3.55ñ0.10
M3.55X30,30.00ñ0.30,3.55ñ0.10
M3.55X31.5,31.50ñ0.30,3.55ñ0.10
M3.55X32.5,32.50ñ0.30,3.55ñ0.10
M3.55X33.5,33.50ñ0.30,3.55ñ0.10
M3.55X34.5,34.50ñ0.30,3.55ñ0.10
M3.55X35.5,35.50ñ0.30,3.55ñ0.10
M3.55X36.5,36.50ñ0.36,3.55ñ0.10
M3.55X37.5,37.50ñ0.36,3.55ñ0.10
M3.55X38.7,38.70ñ0.36,3.55ñ0.10
M3.55X40,40.00ñ0.36,3.55ñ0.10
M3.55X41.2,41.20ñ0.36,3.55ñ0.10
M3.55X42.5,42.50ñ0.36,3.55ñ0.10
M3.55X43.7,43.70ñ0.41,3.55ñ0.10
M3.55X45,45.00ñ0.41,3.55ñ0.10
M3.55X46.2,46.20ñ0.41,3.55ñ0.10
M3.55X47.5,47.50ñ0.41,3.55ñ0.10
M3.55X48.7,48.70ñ0.41,3.55ñ0.10
M3.55X50,50.00ñ0.41,3.55ñ0.10
M3.55X51.5,51.50ñ0.46,3.55ñ0.10
M3.55X53,53.00ñ0.46,3.55ñ0.10
M3.55X54.5,54.50ñ0.46,3.55ñ0.10
M3.55X56,56.00ñ0.46,3.55ñ0.10
M3.55X58,58.00ñ0.46,3.55ñ0.10
M3.55X60,60.00ñ0.51,3.55ñ0.10
M3.55X61.5,61.50ñ0.51,3.55ñ0.10
M3.55X63,63.00ñ0.51,3.55ñ0.10
M3.55X65,65.00ñ0.51,3.55ñ0.10
M3.55X67,67.00ñ0.56,3.55ñ0.10
M3.55X69,69.00ñ0.56,3.55ñ0.10
M3.55X71,71.00ñ0.56,3.55ñ0.10
M3.55X73,73.00ñ0.56,3.55ñ0.10
M3.55X75,75.00ñ0.61,3.55ñ0.10
M3.55X77.5,77.50ñ0.61,3.55ñ0.10
M3.55X80,80.00ñ0.61,3.55ñ0.10
M3.55X82.5,82.50ñ0.61,3.55ñ0.10
M3.55X85,85.00ñ0.66,3.55ñ0.10
M3.55X87.5,87.50ñ0.66,3.55ñ0.10
M3.55X90,90.00ñ0.66,3.55ñ0.10
M3.55X92.5,92.50ñ0.71,3.55ñ0.10
M3.55X95,95.00ñ0.71,3.55ñ0.10
M3.55X97.5,97.50ñ0.71,3.55ñ0.10
M3.55X100,100.00ñ0.71,3.55ñ0.10
M3.55X103,103.00ñ0.76,3.55ñ0.10
M3.55X106,106.00ñ0.76,3.55ñ0.10
M3.55X109,109.00ñ0.76,3.55ñ0.10
M3.55X112,112.00ñ0.76,3.55ñ0.10
M3.55X115,115.00ñ0.76,3.55ñ0.10
M3.55X118,118.00ñ0.89,3.55ñ0.10
M3.55X122,122.00ñ0.89,3.55ñ0.10
M3.55X125,125.00ñ0.89,3.55ñ0.10
M3.55X128,128.00ñ0.89,3.55ñ0.10
M3.55X132,132.00ñ0.89,3.55ñ0.10
M3.55X136,136.00ñ0.89,3.55ñ0.10
M3.55X140,140.00ñ0.89,3.55ñ0.10
M3.55X145,145.00ñ1.02,3.55ñ0.10
M3.55X150,150.00ñ1.02,3.55ñ0.10
M3.55X155,155.00ñ1.02,3.55ñ0.10
M3.55X160,160.00ñ1.02,3.55ñ0.10
M3.55X165,165.00ñ1.02,3.55ñ0.10
M3.55X170,170.00ñ1.14,3.55ñ0.10
M3.55X175,175.00ñ1.14,3.55ñ0.10
M3.55X180,180.00ñ1.14,3.55ñ0.10
M3.55X185,185.00ñ1.14,3.55ñ0.10
M3.55X190,190.00ñ1.14,3.55ñ0.10
M3.55X195,195.00ñ1.27,3.55ñ0.10
M3.55X200,200.00ñ1.27,3.55ñ0.10
M3.6X18.3,18.30ñ0.20,3.60ñ0.10
M3.6X19.8,19.80ñ0.20,3.60ñ0.10
M3.6X21.3,21.30ñ0.23,3.60ñ0.10
M3.6X23,23.00ñ0.23,3.60ñ0.10
M3.6X24.6,24.60ñ0.25,3.60ñ0.10
M3.6X26.2,26.20ñ0.25,3.60ñ0.10
M3.6X27.8,27.80ñ0.25,3.60ñ0.10
M3.6X29.3,29.30ñ0.30,3.60ñ0.10
M3.6X30.8,30.80ñ0.30,3.60ñ0.10
M3.6X32.5,32.50ñ0.30,3.60ñ0.10
M3.6X34.1,34.10ñ0.30,3.60ñ0.10
M3.6X35.6,35.60ñ0.36,3.60ñ0.10
M3.6X37.3,37.30ñ0.36,3.60ñ0.10
M3.6X43.4,43.40ñ0.41,3.60ñ0.10
M4X4,4.00ñ0.13,4.00ñ0.13
M4X5,5.00ñ0.13,4.00ñ0.13
M4X6,6.00ñ0.13,4.00ñ0.13
M4X7,7.00ñ0.13,4.00ñ0.13
M4X8,8.00ñ0.13,4.00ñ0.13
M4X9,9.00ñ0.13,4.00ñ0.13
M4X10,10.00ñ0.13,4.00ñ0.13
M4X11,11.00ñ0.13,4.00ñ0.13
M4X12,12.00ñ0.15,4.00ñ0.13
M4X13,13.00ñ0.15,4.00ñ0.13
M4X14,14.00ñ0.15,4.00ñ0.13
M4X15,15.00ñ0.18,4.00ñ0.13
M4X16,16.00ñ0.18,4.00ñ0.13
M4X17,17.00ñ0.18,4.00ñ0.13
M4X18,18.00ñ0.20,4.00ñ0.13
M4X19,19.00ñ0.20,4.00ñ0.13
M4X20,20.00ñ0.20,4.00ñ0.13
M4X21,21.00ñ0.23,4.00ñ0.13
M4X22,22.00ñ0.23,4.00ñ0.13
M4X23,23.00ñ0.23,4.00ñ0.13
M4X24,24.00ñ0.25,4.00ñ0.13
M4X25,25.00ñ0.25,4.00ñ0.13
M4X26,26.00ñ0.25,4.00ñ0.13
M4X27,27.00ñ0.25,4.00ñ0.13
M4X28,28.00ñ0.25,4.00ñ0.13
M4X29,29.00ñ0.30,4.00ñ0.13
M4X30,30.00ñ0.30,4.00ñ0.13
M4X31,31.00ñ0.30,4.00ñ0.13
M4X32,32.00ñ0.30,4.00ñ0.13
M4X33,33.00ñ0.30,4.00ñ0.13
M4X34,34.00ñ0.30,4.00ñ0.13
M4X35,35.00ñ0.30,4.00ñ0.13
M4X36,36.00ñ0.36,4.00ñ0.13
M4X37,37.00ñ0.36,4.00ñ0.13
M4X38,38.00ñ0.36,4.00ñ0.13
M4X39,39.00ñ0.36,4.00ñ0.13
M4X40,40.00ñ0.36,4.00ñ0.13
M4X41,41.00ñ0.36,4.00ñ0.13
M4X42,42.00ñ0.36,4.00ñ0.13
M4X43,43.00ñ0.36,4.00ñ0.13
M4X44,44.00ñ0.41,4.00ñ0.13
M4X45,45.00ñ0.41,4.00ñ0.13
M4X46,46.00ñ0.41,4.00ñ0.13
M4X47,47.00ñ0.41,4.00ñ0.13
M4X48,48.00ñ0.41,4.00ñ0.13
M4X49,49.00ñ0.41,4.00ñ0.13
M4X50,50.00ñ0.41,4.00ñ0.13
M4X51,51.00ñ0.46,4.00ñ0.13
M4X52,52.00ñ0.46,4.00ñ0.13
M4X53,53.00ñ0.46,4.00ñ0.13
M4X54,54.00ñ0.46,4.00ñ0.13
M4X55,55.00ñ0.46,4.00ñ0.13
M4X56,56.00ñ0.46,4.00ñ0.13
M4X57,57.00ñ0.46,4.00ñ0.13
M4X58,58.00ñ0.46,4.00ñ0.13
M4X59,59.00ñ0.51,4.00ñ0.13
M4X60,60.00ñ0.51,4.00ñ0.13
M4X61,61.00ñ0.51,4.00ñ0.13
M4X62,62.00ñ0.51,4.00ñ0.13
M4X63,63.00ñ0.51,4.00ñ0.13
M4X64,64.00ñ0.51,4.00ñ0.13
M4X65,65.00ñ0.51,4.00ñ0.13
M4X66,66.00ñ0.51,4.00ñ0.13
M4X67,67.00ñ0.56,4.00ñ0.13
M4X68,68.00ñ0.56,4.00ñ0.13
M4X69,69.00ñ0.56,4.00ñ0.13
M4X70,70.00ñ0.56,4.00ñ0.13
M4X71,71.00ñ0.56,4.00ñ0.13
M4X72,72.00ñ0.56,4.00ñ0.13
M4X73,73.00ñ0.56,4.00ñ0.13
M4X74,74.00ñ0.56,4.00ñ0.13
M4X75,75.00ñ0.61,4.00ñ0.13
M4X76,76.00ñ0.61,4.00ñ0.13
M4X77,77.00ñ0.61,4.00ñ0.13
M4X78,78.00ñ0.61,4.00ñ0.13
M4X79,79.00ñ0.61,4.00ñ0.13
M4X80,80.00ñ0.61,4.00ñ0.13
M4X81,81.00ñ0.61,4.00ñ0.13
M4X82,82.00ñ0.61,4.00ñ0.13
M4X83,83.00ñ0.61,4.00ñ0.13
M4X84,84.00ñ0.66,4.00ñ0.13
M4X85,85.00ñ0.66,4.00ñ0.13
M4X86,86.00ñ0.66,4.00ñ0.13
M4X87,87.00ñ0.66,4.00ñ0.13
M4X88,88.00ñ0.66,4.00ñ0.13
M4X89,89.00ñ0.66,4.00ñ0.13
M4X90,90.00ñ0.66,4.00ñ0.13
M4X91,91.00ñ0.66,4.00ñ0.13
M4X92,92.00ñ0.66,4.00ñ0.13
M4X93,93.00ñ0.71,4.00ñ0.13
M4X94,94.00ñ0.71,4.00ñ0.13
M4X95,95.00ñ0.71,4.00ñ0.13
M4X96,96.00ñ0.71,4.00ñ0.13
M4X97,97.00ñ0.71,4.00ñ0.13
M4X98,98.00ñ0.71,4.00ñ0.13
M4X99,99.00ñ0.71,4.00ñ0.13
M4X100,100.00ñ0.71,4.00ñ0.13
M4X101,101.00ñ0.71,4.00ñ0.13
M4X102,102.00ñ0.76,4.00ñ0.13
M4X103,103.00ñ0.76,4.00ñ0.13
M4X104,104.00ñ0.76,4.00ñ0.13
M4X105,105.00ñ0.76,4.00ñ0.13
M4X106,106.00ñ0.76,4.00ñ0.13
M4X107,107.00ñ0.76,4.00ñ0.13
M4X108,108.00ñ0.76,4.00ñ0.13
M4X109,109.00ñ0.76,4.00ñ0.13
M4X110,110.00ñ0.76,4.00ñ0.13
M4X111,111.00ñ0.76,4.00ñ0.13
M4X112,112.00ñ0.76,4.00ñ0.13
M4X113,113.00ñ0.76,4.00ñ0.13
M4X114,114.00ñ0.76,4.00ñ0.13
M4X115,115.00ñ0.76,4.00ñ0.13
M4X116,116.00ñ0.76,4.00ñ0.13
M4X117,117.00ñ0.76,4.00ñ0.13
M4X118,118.00ñ0.89,4.00ñ0.13
M4X119,119.00ñ0.89,4.00ñ0.13
M4X120,120.00ñ0.89,4.00ñ0.13
M4X121,121.00ñ0.89,4.00ñ0.13
M4X122,122.00ñ0.89,4.00ñ0.13
M4X123,123.00ñ0.89,4.00ñ0.13
M4X124,124.00ñ0.89,4.00ñ0.13
M4X125,125.00ñ0.89,4.00ñ0.13
M4X126,126.00ñ0.89,4.00ñ0.13
M4X127,127.00ñ0.89,4.00ñ0.13
M4X128,128.00ñ0.89,4.00ñ0.13
M4X129,129.00ñ0.89,4.00ñ0.13
M4X130,130.00ñ0.89,4.00ñ0.13
M4X131,131.00ñ0.89,4.00ñ0.13
M4X132,132.00ñ0.89,4.00ñ0.13
M4X133,133.00ñ0.89,4.00ñ0.13
M4X134,134.00ñ0.89,4.00ñ0.13
M4X135,135.00ñ0.89,4.00ñ0.13
M4X136,136.00ñ0.89,4.00ñ0.13
M4X137,137.00ñ0.89,4.00ñ0.13
M4X138,138.00ñ0.89,4.00ñ0.13
M4X139,139.00ñ0.89,4.00ñ0.13
M4X140,140.00ñ0.89,4.00ñ0.13
M4X141,141.00ñ0.89,4.00ñ0.13
M4X142,142.00ñ1.02,4.00ñ0.13
M4X143,143.00ñ1.02,4.00ñ0.13
M4X144,144.00ñ1.02,4.00ñ0.13
M4X145,145.00ñ1.02,4.00ñ0.13
M4X146,146.00ñ1.02,4.00ñ0.13
M4X147,147.00ñ1.02,4.00ñ0.13
M4X148,148.00ñ1.02,4.00ñ0.13
M4X149,149.00ñ1.02,4.00ñ0.13
M4X150,150.00ñ1.02,4.00ñ0.13
M4X151,151.00ñ1.02,4.00ñ0.13
M4X152,152.00ñ1.02,4.00ñ0.13
M4X153,153.00ñ1.02,4.00ñ0.13
M4X154,154.00ñ1.02,4.00ñ0.13
M4X155,155.00ñ1.02,4.00ñ0.13
M4X156,156.00ñ1.02,4.00ñ0.13
M4X157,157.00ñ1.02,4.00ñ0.13
M4X158,158.00ñ1.02,4.00ñ0.13
M4X159,159.00ñ1.02,4.00ñ0.13
M4X160,160.00ñ1.02,4.00ñ0.13
M4X161,161.00ñ1.02,4.00ñ0.13
M4X162,162.00ñ1.02,4.00ñ0.13
M4X163,163.00ñ1.02,4.00ñ0.13
M4X164,164.00ñ1.02,4.00ñ0.13
M4X165,165.00ñ1.02,4.00ñ0.13
M4X166,166.00ñ1.02,4.00ñ0.13
M4X167,167.00ñ1.14,4.00ñ0.13
M4X168,168.00ñ1.14,4.00ñ0.13
M4X169,169.00ñ1.14,4.00ñ0.13
M4X170,170.00ñ1.14,4.00ñ0.13
M4X171,171.00ñ1.14,4.00ñ0.13
M4X172,172.00ñ1.14,4.00ñ0.13
M4X173,173.00ñ1.14,4.00ñ0.13
M4X174,174.00ñ1.14,4.00ñ0.13
M4X175,175.00ñ1.14,4.00ñ0.13
M4X176,176.00ñ1.14,4.00ñ0.13
M4X177,177.00ñ1.14,4.00ñ0.13
M4X178,178.00ñ1.14,4.00ñ0.13
M4X179,179.00ñ1.14,4.00ñ0.13
M4X180,180.00ñ1.14,4.00ñ0.13
M4X181,181.00ñ1.14,4.00ñ0.13
M4X182,182.00ñ1.14,4.00ñ0.13
M4X183,183.00ñ1.14,4.00ñ0.13
M4X184,184.00ñ1.14,4.00ñ0.13
M4X185,185.00ñ1.14,4.00ñ0.13
M4X186,186.00ñ1.14,4.00ñ0.13
M4X187,187.00ñ1.14,4.00ñ0.13
M4X188,188.00ñ1.14,4.00ñ0.13
M4X189,189.00ñ1.14,4.00ñ0.13
M4X190,190.00ñ1.14,4.00ñ0.13
M4X191,191.00ñ1.14,4.00ñ0.13
M4X192,192.00ñ1.14,4.00ñ0.13
M4X193,193.00ñ1.27,4.00ñ0.13
M4X194,194.00ñ1.27,4.00ñ0.13
M4X195,195.00ñ1.27,4.00ñ0.13
M4X196,196.00ñ1.27,4.00ñ0.13
M4X197,197.00ñ1.27,4.00ñ0.13
M4X198,198.00ñ1.27,4.00ñ0.13
M4X199,199.00ñ1.27,4.00ñ0.13
M4X200,200.00ñ1.27,4.00ñ0.13
M4X201,201.00ñ1.27,4.00ñ0.13
M4X202,202.00ñ1.27,4.00ñ0.13
M4X203,203.00ñ1.27,4.00ñ0.13
M4X204,204.00ñ1.27,4.00ñ0.13
M4X205,205.00ñ1.27,4.00ñ0.13
M4X206,206.00ñ1.27,4.00ñ0.13
M4X207,207.00ñ1.27,4.00ñ0.13
M4X208,208.00ñ1.27,4.00ñ0.13
M4X209,209.00ñ1.27,4.00ñ0.13
M4X210,210.00ñ1.27,4.00ñ0.13
M4X211,211.00ñ1.27,4.00ñ0.13
M4X212,212.00ñ1.27,4.00ñ0.13
M4X213,213.00ñ1.27,4.00ñ0.13
M4X214,214.00ñ1.27,4.00ñ0.13
M4X215,215.00ñ1.27,4.00ñ0.13
M4X216,216.00ñ1.27,4.00ñ0.13
M4X217,217.00ñ1.27,4.00ñ0.13
M4X218,218.00ñ1.27,4.00ñ0.13
M4X219,219.00ñ1.40,4.00ñ0.13
M4X220,220.00ñ1.40,4.00ñ0.13
M4X221,221.00ñ1.40,4.00ñ0.13
M4X222,222.00ñ1.40,4.00ñ0.13
M4X223,223.00ñ1.40,4.00ñ0.13
M4X224,224.00ñ1.40,4.00ñ0.13
M4X225,225.00ñ1.40,4.00ñ0.13
M4X226,226.00ñ1.40,4.00ñ0.13
M4X227,227.00ñ1.40,4.00ñ0.13
M4X228,228.00ñ1.40,4.00ñ0.13
M4X229,229.00ñ1.40,4.00ñ0.13
M4X230,230.00ñ1.40,4.00ñ0.13
M4X231,231.00ñ1.40,4.00ñ0.13
M4X232,232.00ñ1.40,4.00ñ0.13
M4X233,233.00ñ1.40,4.00ñ0.13
M4X234,234.00ñ1.40,4.00ñ0.13
M4X235,235.00ñ1.40,4.00ñ0.13
M4X236,236.00ñ1.40,4.00ñ0.13
M4X237,237.00ñ1.40,4.00ñ0.13
M4X238,238.00ñ1.40,4.00ñ0.13
M4X239,239.00ñ1.40,4.00ñ0.13
M4X240,240.00ñ1.40,4.00ñ0.13
M4X241,241.00ñ1.40,4.00ñ0.13
M4X242,242.00ñ1.40,4.00ñ0.13
M4X243,243.00ñ1.40,4.00ñ0.13
M4X244,244.00ñ1.40,4.00ñ0.13
M4X245,245.00ñ1.40,4.00ñ0.13
M4X246,246.00ñ1.40,4.00ñ0.13
M4X247,247.00ñ1.52,4.00ñ0.13
M4X248,248.00ñ1.52,4.00ñ0.13
M4X249,249.00ñ1.52,4.00ñ0.13
M4X250,250.00ñ1.52,4.00ñ0.13
M4X251,251.00ñ1.52,4.00ñ0.13
M4X252,252.00ñ1.52,4.00ñ0.13
M4X253,253.00ñ1.52,4.00ñ0.13
M4X254,254.00ñ1.52,4.00ñ0.13
M4X255,255.00ñ1.52,4.00ñ0.13
M4X256,256.00ñ1.52,4.00ñ0.13
M4X257,257.00ñ1.52,4.00ñ0.13
M4X258,258.00ñ1.52,4.00ñ0.13
M4X259,259.00ñ1.52,4.00ñ0.13
M4X260,260.00ñ1.52,4.00ñ0.13
M4X261,261.00ñ1.52,4.00ñ0.13
M4X262,262.00ñ1.52,4.00ñ0.13
M4X263,263.00ñ1.52,4.00ñ0.13
M4X264,264.00ñ1.52,4.00ñ0.13
M4X265,265.00ñ1.52,4.00ñ0.13
M4X266,266.00ñ1.52,4.00ñ0.13
M4X267,267.00ñ1.52,4.00ñ0.13
M4X268,268.00ñ1.52,4.00ñ0.13
M4X269,269.00ñ1.52,4.00ñ0.13
M4X270,270.00ñ1.52,4.00ñ0.13
M4X271,271.00ñ1.52,4.00ñ0.13
M4X272,272.00ñ1.52,4.00ñ0.13
M4X273,273.00ñ1.52,4.00ñ0.13
M4X274,274.00ñ1.52,4.00ñ0.13
M4X275,275.00ñ1.52,4.00ñ0.13
M4X276,276.00ñ1.52,4.00ñ0.13
M4X277,277.00ñ1.52,4.00ñ0.13
M4X278,278.00ñ1.52,4.00ñ0.13
M4X279,279.00ñ1.52,4.00ñ0.13
M4X280,280.00ñ1.52,4.00ñ0.13
M4X281,281.00ñ1.52,4.00ñ0.13
M4X282,282.00ñ1.52,4.00ñ0.13
M4X283,283.00ñ1.52,4.00ñ0.13
M4X284,284.00ñ1.52,4.00ñ0.13
M4X285,285.00ñ1.52,4.00ñ0.13
M4X286,286.00ñ1.52,4.00ñ0.13
M4X287,287.00ñ1.52,4.00ñ0.13
M4X288,288.00ñ1.52,4.00ñ0.13
M4X289,289.00ñ1.52,4.00ñ0.13
M4X290,290.00ñ1.78,4.00ñ0.13
M4X291,291.00ñ1.78,4.00ñ0.13
M4X292,292.00ñ1.78,4.00ñ0.13
M4X293,293.00ñ1.78,4.00ñ0.13
M4X294,294.00ñ1.78,4.00ñ0.13
M4X295,295.00ñ1.78,4.00ñ0.13
M4X296,296.00ñ1.78,4.00ñ0.13
M4X297,297.00ñ1.78,4.00ñ0.13
M4X298,298.00ñ1.78,4.00ñ0.13
M4X299,299.00ñ1.78,4.00ñ0.13
M4X300,300.00ñ1.78,4.00ñ0.13
M4X301,301.00ñ1.78,4.00ñ0.13
M4X302,302.00ñ1.78,4.00ñ0.13
M4X303,303.00ñ1.78,4.00ñ0.13
M4X304,304.00ñ1.78,4.00ñ0.13
M4X305,305.00ñ1.78,4.00ñ0.13
M4X306,306.00ñ1.78,4.00ñ0.13
M4X307,307.00ñ1.78,4.00ñ0.13
M4X308,308.00ñ1.78,4.00ñ0.13
M4X309,309.00ñ1.78,4.00ñ0.13
M4X310,310.00ñ1.78,4.00ñ0.13
M4X311,311.00ñ1.78,4.00ñ0.13
M4X312,312.00ñ1.78,4.00ñ0.13
M4X313,313.00ñ1.78,4.00ñ0.13
M4X314,314.00ñ1.78,4.00ñ0.13
M4X315,315.00ñ1.78,4.00ñ0.13
M4X316,316.00ñ1.78,4.00ñ0.13
M4X317,317.00ñ1.78,4.00ñ0.13
M4X318,318.00ñ1.78,4.00ñ0.13
M4X319,319.00ñ1.78,4.00ñ0.13
M4X320,320.00ñ1.78,4.00ñ0.13
M4X321,321.00ñ1.78,4.00ñ0.13
M4X322,322.00ñ1.78,4.00ñ0.13
M4X323,323.00ñ1.78,4.00ñ0.13
M4X324,324.00ñ1.78,4.00ñ0.13
M4X325,325.00ñ1.78,4.00ñ0.13
M4X326,326.00ñ1.78,4.00ñ0.13
M4X327,327.00ñ1.78,4.00ñ0.13
M4X328,328.00ñ1.78,4.00ñ0.13
M4X329,329.00ñ1.78,4.00ñ0.13
M4X330,330.00ñ1.78,4.00ñ0.13
M4X331,331.00ñ1.78,4.00ñ0.13
M4X332,332.00ñ1.78,4.00ñ0.13
M4X333,333.00ñ1.78,4.00ñ0.13
M4X334,334.00ñ1.78,4.00ñ0.13
M4X335,335.00ñ1.78,4.00ñ0.13
M4X336,336.00ñ1.78,4.00ñ0.13
M4X337,337.00ñ1.78,4.00ñ0.13
M4X338,338.00ñ1.78,4.00ñ0.13
M4X339,339.00ñ1.78,4.00ñ0.13
M4X340,340.00ñ1.78,4.00ñ0.13
M4X341,341.00ñ1.78,4.00ñ0.13
M4X342,342.00ñ1.78,4.00ñ0.13
M4X343,343.00ñ1.78,4.00ñ0.13
M4X344,344.00ñ1.78,4.00ñ0.13
M4X345,345.00ñ1.78,4.00ñ0.13
M4X346,346.00ñ1.78,4.00ñ0.13
M4X347,347.00ñ1.78,4.00ñ0.13
M4X348,348.00ñ2.03,4.00ñ0.13
M4X349,349.00ñ2.03,4.00ñ0.13
M4X350,350.00ñ2.03,4.00ñ0.13
M4X351,351.00ñ2.03,4.00ñ0.13
M4X352,352.00ñ2.03,4.00ñ0.13
M4X353,353.00ñ2.03,4.00ñ0.13
M4X354,354.00ñ2.03,4.00ñ0.13
M4X355,355.00ñ2.03,4.00ñ0.13
M4X356,356.00ñ2.03,4.00ñ0.13
M4X357,357.00ñ2.03,4.00ñ0.13
M4X358,358.00ñ2.03,4.00ñ0.13
M4X359,359.00ñ2.03,4.00ñ0.13
M4X360,360.00ñ2.03,4.00ñ0.13
M4X361,361.00ñ2.03,4.00ñ0.13
M4X362,362.00ñ2.03,4.00ñ0.13
M4X363,363.00ñ2.03,4.00ñ0.13
M4X364,364.00ñ2.03,4.00ñ0.13
M4X365,365.00ñ2.03,4.00ñ0.13
M4X366,366.00ñ2.03,4.00ñ0.13
M4X367,367.00ñ2.03,4.00ñ0.13
M4X368,368.00ñ2.03,4.00ñ0.13
M4X369,369.00ñ2.03,4.00ñ0.13
M4X370,370.00ñ2.03,4.00ñ0.13
M4X371,371.00ñ2.03,4.00ñ0.13
M4X372,372.00ñ2.03,4.00ñ0.13
M4X373,373.00ñ2.03,4.00ñ0.13
M4X374,374.00ñ2.03,4.00ñ0.13
M4X375,375.00ñ2.03,4.00ñ0.13
M4X376,376.00ñ2.03,4.00ñ0.13
M4X377,377.00ñ2.03,4.00ñ0.13
M4X378,378.00ñ2.03,4.00ñ0.13
M4X379,379.00ñ2.03,4.00ñ0.13
M4X380,380.00ñ2.03,4.00ñ0.13
M4X381,381.00ñ2.03,4.00ñ0.13
M4X382,382.00ñ2.03,4.00ñ0.13
M4X383,383.00ñ2.03,4.00ñ0.13
M4X384,384.00ñ2.03,4.00ñ0.13
M4X385,385.00ñ2.03,4.00ñ0.13
M4X386,386.00ñ2.03,4.00ñ0.13
M4X387,387.00ñ2.03,4.00ñ0.13
M4X388,388.00ñ2.03,4.00ñ0.13
M4X389,389.00ñ2.03,4.00ñ0.13
M4X390,390.00ñ2.03,4.00ñ0.13
M4X391,391.00ñ2.03,4.00ñ0.13
M4X392,392.00ñ2.03,4.00ñ0.13
M4X393,393.00ñ2.03,4.00ñ0.13
M4X394,394.00ñ2.03,4.00ñ0.13
M4X395,395.00ñ2.03,4.00ñ0.13
M4X396,396.00ñ2.03,4.00ñ0.13
M4X397,397.00ñ2.03,4.00ñ0.13
M4X398,398.00ñ2.03,4.00ñ0.13
M4X399,399.00ñ2.03,4.00ñ0.13
M4X400,400.00ñ2.03,4.00ñ0.13
M4X401,401.00ñ2.03,4.00ñ0.13
M4X402,402.00ñ2.03,4.00ñ0.13
M4X403,403.00ñ2.03,4.00ñ0.13
M4X404,404.00ñ2.03,4.00ñ0.13
M4X405,405.00ñ2.03,4.00ñ0.13
M4X406,406.00ñ2.03,4.00ñ0.13
M4X407,407.00ñ2.03,4.00ñ0.13
M4X408,408.00ñ2.03,4.00ñ0.13
M4X409,409.00ñ2.29,4.00ñ0.13
M4X410,410.00ñ2.29,4.00ñ0.13
M4X411,411.00ñ2.29,4.00ñ0.13
M4X412,412.00ñ2.29,4.00ñ0.13
M4X413,413.00ñ2.29,4.00ñ0.13
M4X414,414.00ñ2.29,4.00ñ0.13
M4X415,415.00ñ2.29,4.00ñ0.13
M4X416,416.00ñ2.29,4.00ñ0.13
M4X417,417.00ñ2.29,4.00ñ0.13
M4X418,418.00ñ2.29,4.00ñ0.13
M4X419,419.00ñ2.29,4.00ñ0.13
M4X420,420.00ñ2.29,4.00ñ0.13
M4X421,421.00ñ2.29,4.00ñ0.13
M4X422,422.00ñ2.29,4.00ñ0.13
M4X423,423.00ñ2.29,4.00ñ0.13
M4X424,424.00ñ2.29,4.00ñ0.13
M4X425,425.00ñ2.29,4.00ñ0.13
M4X426,426.00ñ2.29,4.00ñ0.13
M4X427,427.00ñ2.29,4.00ñ0.13
M4X428,428.00ñ2.29,4.00ñ0.13
M4X429,429.00ñ2.29,4.00ñ0.13
M4X430,430.00ñ2.29,4.00ñ0.13
M4X431,431.00ñ2.29,4.00ñ0.13
M4X432,432.00ñ2.29,4.00ñ0.13
M4X433,433.00ñ2.29,4.00ñ0.13
M4X434,434.00ñ2.29,4.00ñ0.13
M4X435,435.00ñ2.29,4.00ñ0.13
M4X436,436.00ñ2.29,4.00ñ0.13
M4X437,437.00ñ2.29,4.00ñ0.13
M4X438,438.00ñ2.29,4.00ñ0.13
M4X439,439.00ñ2.29,4.00ñ0.13
M4X440,440.00ñ2.29,4.00ñ0.13
M4X441,441.00ñ2.29,4.00ñ0.13
M4X442,442.00ñ2.29,4.00ñ0.13
M4X443,443.00ñ2.29,4.00ñ0.13
M4X444,444.00ñ2.29,4.00ñ0.13
M4X445,445.00ñ2.29,4.00ñ0.13
M4X446,446.00ñ2.29,4.00ñ0.13
M4X447,447.00ñ2.29,4.00ñ0.13
M4X448,448.00ñ2.29,4.00ñ0.13
M4X449,449.00ñ2.29,4.00ñ0.13
M4X450,450.00ñ2.29,4.00ñ0.13
M4X451,451.00ñ2.29,4.00ñ0.13
M4X452,452.00ñ2.29,4.00ñ0.13
M4X453,453.00ñ2.29,4.00ñ0.13
M4X454,454.00ñ2.29,4.00ñ0.13
M4X455,455.00ñ2.29,4.00ñ0.13
M4X456,456.00ñ2.29,4.00ñ0.13
M4X457,457.00ñ2.29,4.00ñ0.13
M4X458,458.00ñ2.29,4.00ñ0.13
M4X459,459.00ñ2.29,4.00ñ0.13
M4X460,460.00ñ2.29,4.00ñ0.13
M4X461,461.00ñ2.29,4.00ñ0.13
M4X462,462.00ñ2.29,4.00ñ0.13
M4X463,463.00ñ2.29,4.00ñ0.13
M4X464,464.00ñ2.29,4.00ñ0.13
M4X465,465.00ñ2.29,4.00ñ0.13
M4X466,466.00ñ2.29,4.00ñ0.13
M4X467,467.00ñ2.29,4.00ñ0.13
M4X468,468.00ñ2.29,4.00ñ0.13
M4X469,469.00ñ2.29,4.00ñ0.13
M4X470,470.00ñ2.29,4.00ñ0.13
M4X471,471.00ñ2.29,4.00ñ0.13
M4X472,472.00ñ2.29,4.00ñ0.13
M4X473,473.00ñ2.54,4.00ñ0.13
M4X474,474.00ñ2.54,4.00ñ0.13
M4X475,475.00ñ2.54,4.00ñ0.13
M4X476,476.00ñ2.54,4.00ñ0.13
M4X477,477.00ñ2.54,4.00ñ0.13
M4X478,478.00ñ2.54,4.00ñ0.13
M4X479,479.00ñ2.54,4.00ñ0.13
M4X480,480.00ñ2.54,4.00ñ0.13
M4X481,481.00ñ2.54,4.00ñ0.13
M4X482,482.00ñ2.54,4.00ñ0.13
M4X483,483.00ñ2.54,4.00ñ0.13
M4X484,484.00ñ2.54,4.00ñ0.13
M4X485,485.00ñ2.54,4.00ñ0.13
M4X486,486.00ñ2.54,4.00ñ0.13
M4X487,487.00ñ2.54,4.00ñ0.13
M4X488,488.00ñ2.54,4.00ñ0.13
M4X489,489.00ñ2.54,4.00ñ0.13
M4X490,490.00ñ2.54,4.00ñ0.13
M4X491,491.00ñ2.54,4.00ñ0.13
M4X492,492.00ñ2.54,4.00ñ0.13
M4X493,493.00ñ2.54,4.00ñ0.13
M4X494,494.00ñ2.54,4.00ñ0.13
M4X495,495.00ñ2.54,4.00ñ0.13
M4X496,496.00ñ2.54,4.00ñ0.13
M4X497,497.00ñ2.54,4.00ñ0.13
M4X498,498.00ñ2.54,4.00ñ0.13
M4X499,499.00ñ2.54,4.00ñ0.13
M4X500,500.00ñ2.54,4.00ñ0.13
M4.5X6,6.00ñ0.13,4.50ñ0.13
M4.5X8,8.00ñ0.13,4.50ñ0.13
M4.5X9,9.00ñ0.13,4.50ñ0.13
M4.5X9.5,9.50ñ0.13,4.50ñ0.13
M4.5X10,10.00ñ0.13,4.50ñ0.13
M4.5X10.5,10.50ñ0.13,4.50ñ0.13
M4.5X11,11.00ñ0.13,4.50ñ0.13
M4.5X12,12.00ñ0.15,4.50ñ0.13
M4.5X13,13.00ñ0.15,4.50ñ0.13
M4.5X15,15.00ñ0.18,4.50ñ0.13
M4.5X15.5,15.50ñ0.18,4.50ñ0.13
M4.5X16,16.00ñ0.18,4.50ñ0.13
M4.5X17,17.00ñ0.18,4.50ñ0.13
M4.5X18,18.00ñ0.20,4.50ñ0.13
M4.5X19,19.00ñ0.20,4.50ñ0.13
M4.5X20,20.00ñ0.20,4.50ñ0.13
M4.5X21,21.00ñ0.23,4.50ñ0.13
M4.5X21.5,21.50ñ0.23,4.50ñ0.13
M4.5X22,22.00ñ0.23,4.50ñ0.13
M4.5X22.5,22.50ñ0.23,4.50ñ0.13
M4.5X23,23.00ñ0.23,4.50ñ0.13
M4.5X24,24.00ñ0.25,4.50ñ0.13
M4.5X24.5,24.50ñ0.25,4.50ñ0.13
M4.5X25,25.00ñ0.25,4.50ñ0.13
M4.5X26,26.00ñ0.25,4.50ñ0.13
M4.5X27,27.00ñ0.25,4.50ñ0.13
M4.5X27.5,27.50ñ0.25,4.50ñ0.13
M4.5X28,28.00ñ0.25,4.50ñ0.13
M4.5X28.5,28.50ñ0.25,4.50ñ0.13
M4.5X29,29.00ñ0.30,4.50ñ0.13
M4.5X29.5,29.50ñ0.30,4.50ñ0.13
M4.5X30,30.00ñ0.30,4.50ñ0.13
M4.5X31,31.00ñ0.30,4.50ñ0.13
M4.5X31.5,31.50ñ0.30,4.50ñ0.13
M4.5X32,32.00ñ0.30,4.50ñ0.13
M4.5X33,33.00ñ0.30,4.50ñ0.13
M4.5X34,34.00ñ0.30,4.50ñ0.13
M4.5X34.5,34.50ñ0.30,4.50ñ0.13
M4.5X35,35.00ñ0.30,4.50ñ0.13
M4.5X35.5,35.50ñ0.30,4.50ñ0.13
M4.5X36,36.00ñ0.36,4.50ñ0.13
M4.5X37,37.00ñ0.36,4.50ñ0.13
M4.5X37.5,37.50ñ0.36,4.50ñ0.13
M4.5X38,38.00ñ0.36,4.50ñ0.13
M4.5X39,39.00ñ0.36,4.50ñ0.13
M4.5X40,40.00ñ0.36,4.50ñ0.13
M4.5X40.5,40.50ñ0.36,4.50ñ0.13
M4.5X41,41.00ñ0.36,4.50ñ0.13
M4.5X42,42.00ñ0.36,4.50ñ0.13
M4.5X43,43.00ñ0.36,4.50ñ0.13
M4.5X44,44.00ñ0.41,4.50ñ0.13
M4.5X45,45.00ñ0.41,4.50ñ0.13
M4.5X46,46.00ñ0.41,4.50ñ0.13
M4.5X47,47.00ñ0.41,4.50ñ0.13
M4.5X48,48.00ñ0.41,4.50ñ0.13
M4.5X49,49.00ñ0.41,4.50ñ0.13
M4.5X50,50.00ñ0.41,4.50ñ0.13
M4.5X51,51.00ñ0.46,4.50ñ0.13
M4.5X53,53.00ñ0.46,4.50ñ0.13
M4.5X56,56.00ñ0.46,4.50ñ0.13
M4.5X57,57.00ñ0.46,4.50ñ0.13
M4.5X60,60.00ñ0.51,4.50ñ0.13
M4.5X61,61.00ñ0.51,4.50ñ0.13
M4.5X63,63.00ñ0.51,4.50ñ0.13
M4.5X64,64.00ñ0.51,4.50ñ0.13
M4.5X65,65.00ñ0.51,4.50ñ0.13
M4.5X66,66.00ñ0.51,4.50ñ0.13
M4.5X68,68.00ñ0.56,4.50ñ0.13
M4.5X69,69.00ñ0.56,4.50ñ0.13
M4.5X70,70.00ñ0.56,4.50ñ0.13
M4.5X71,71.00ñ0.56,4.50ñ0.13
M4.5X73,73.00ñ0.56,4.50ñ0.13
M4.5X74,74.00ñ0.56,4.50ñ0.13
M4.5X75,75.00ñ0.61,4.50ñ0.13
M4.5X76,76.00ñ0.61,4.50ñ0.13
M4.5X80,80.00ñ0.61,4.50ñ0.13
M4.5X81,81.00ñ0.61,4.50ñ0.13
M4.5X83,83.00ñ0.61,4.50ñ0.13
M4.5X85,85.00ñ0.66,4.50ñ0.13
M4.5X86,86.00ñ0.66,4.50ñ0.13
M4.5X89,89.00ñ0.66,4.50ñ0.13
M4.5X90,90.00ñ0.66,4.50ñ0.13
M4.5X92,92.00ñ0.66,4.50ñ0.13
M4.5X93.5,93.50ñ0.71,4.50ñ0.13
M4.5X95,95.00ñ0.71,4.50ñ0.13
M4.5X97.5,97.50ñ0.71,4.50ñ0.13
M4.5X98,98.00ñ0.71,4.50ñ0.13
M4.5X99.5,99.50ñ0.71,4.50ñ0.13
M4.5X100,100.00ñ0.71,4.50ñ0.13
M4.5X100.5,100.50ñ0.71,4.50ñ0.13
M4.5X101,101.00ñ0.71,4.50ñ0.13
M4.5X103.5,103.50ñ0.76,4.50ñ0.13
M4.5X105,105.00ñ0.76,4.50ñ0.13
M4.5X106,106.00ñ0.76,4.50ñ0.13
M4.5X110,110.00ñ0.76,4.50ñ0.13
M4.5X115,115.00ñ0.76,4.50ñ0.13
M4.5X118,118.00ñ0.89,4.50ñ0.13
M4.5X120,120.00ñ0.89,4.50ñ0.13
M4.5X122,122.00ñ0.89,4.50ñ0.13
M4.5X124,124.00ñ0.89,4.50ñ0.13
M4.5X126,126.00ñ0.89,4.50ñ0.13
M4.5X128,128.00ñ0.89,4.50ñ0.13
M4.5X130,130.00ñ0.89,4.50ñ0.13
M4.5X131.5,131.50ñ0.89,4.50ñ0.13
M4.5X134.5,134.50ñ0.89,4.50ñ0.13
M4.5X137,137.00ñ0.89,4.50ñ0.13
M4.5X140,140.00ñ0.89,4.50ñ0.13
M4.5X140.5,140.50ñ0.89,4.50ñ0.13
M4.5X150,150.00ñ1.02,4.50ñ0.13
M4.5X153,153.00ñ1.02,4.50ñ0.13
M4.5X155,155.00ñ1.02,4.50ñ0.13
M4.5X157,157.00ñ1.02,4.50ñ0.13
M4.5X160,160.00ñ1.02,4.50ñ0.13
M4.5X165,165.00ñ1.02,4.50ñ0.13
M4.5X172,172.00ñ1.14,4.50ñ0.13
M4.5X178,178.00ñ1.14,4.50ñ0.13
M4.5X180,180.00ñ1.14,4.50ñ0.13
M4.5X185,185.00ñ1.14,4.50ñ0.13
M4.5X186,186.00ñ1.14,4.50ñ0.13
M4.5X189.5,189.50ñ1.14,4.50ñ0.13
M4.5X192,192.00ñ1.14,4.50ñ0.13
M4.5X208,208.00ñ1.27,4.50ñ0.13
M4.5X215,215.00ñ1.27,4.50ñ0.13
M4.5X218.5,218.50ñ1.27,4.50ñ0.13
M4.5X225,225.00ñ1.40,4.50ñ0.13
M4.5X227,227.00ñ1.40,4.50ñ0.13
M4.5X250,250.00ñ1.52,4.50ñ0.13
M4.5X267,267.00ñ1.52,4.50ñ0.13
M4.5X280,280.00ñ1.52,4.50ñ0.13
M4.5X315,315.00ñ1.78,4.50ñ0.13
M5X4,4.00ñ0.13,5.00ñ0.13
M5X5,5.00ñ0.13,5.00ñ0.13
M5X6,6.00ñ0.13,5.00ñ0.13
M5X7,7.00ñ0.13,5.00ñ0.13
M5X8,8.00ñ0.13,5.00ñ0.13
M5X9,9.00ñ0.13,5.00ñ0.13
M5X10,10.00ñ0.13,5.00ñ0.13
M5X11,11.00ñ0.13,5.00ñ0.13
M5X12,12.00ñ0.15,5.00ñ0.13
M5X13,13.00ñ0.15,5.00ñ0.13
M5X14,14.00ñ0.15,5.00ñ0.13
M5X15,15.00ñ0.18,5.00ñ0.13
M5X16,16.00ñ0.18,5.00ñ0.13
M5X17,17.00ñ0.18,5.00ñ0.13
M5X18,18.00ñ0.20,5.00ñ0.13
M5X19,19.00ñ0.20,5.00ñ0.13
M5X20,20.00ñ0.20,5.00ñ0.13
M5X21,21.00ñ0.23,5.00ñ0.13
M5X22,22.00ñ0.23,5.00ñ0.13
M5X23,23.00ñ0.23,5.00ñ0.13
M5X24,24.00ñ0.25,5.00ñ0.13
M5X25,25.00ñ0.25,5.00ñ0.13
M5X26,26.00ñ0.25,5.00ñ0.13
M5X27,27.00ñ0.25,5.00ñ0.13
M5X28,28.00ñ0.25,5.00ñ0.13
M5X29,29.00ñ0.30,5.00ñ0.13
M5X30,30.00ñ0.30,5.00ñ0.13
M5X31,31.00ñ0.30,5.00ñ0.13
M5X32,32.00ñ0.30,5.00ñ0.13
M5X33,33.00ñ0.30,5.00ñ0.13
M5X34,34.00ñ0.30,5.00ñ0.13
M5X35,35.00ñ0.30,5.00ñ0.13
M5X36,36.00ñ0.36,5.00ñ0.13
M5X37,37.00ñ0.36,5.00ñ0.13
M5X38,38.00ñ0.36,5.00ñ0.13
M5X39,39.00ñ0.36,5.00ñ0.13
M5X40,40.00ñ0.36,5.00ñ0.13
M5X41,41.00ñ0.36,5.00ñ0.13
M5X42,42.00ñ0.36,5.00ñ0.13
M5X43,43.00ñ0.36,5.00ñ0.13
M5X44,44.00ñ0.41,5.00ñ0.13
M5X45,45.00ñ0.41,5.00ñ0.13
M5X46,46.00ñ0.41,5.00ñ0.13
M5X47,47.00ñ0.41,5.00ñ0.13
M5X48,48.00ñ0.41,5.00ñ0.13
M5X49,49.00ñ0.41,5.00ñ0.13
M5X50,50.00ñ0.41,5.00ñ0.13
M5X51,51.00ñ0.46,5.00ñ0.13
M5X52,52.00ñ0.46,5.00ñ0.13
M5X53,53.00ñ0.46,5.00ñ0.13
M5X54,54.00ñ0.46,5.00ñ0.13
M5X55,55.00ñ0.46,5.00ñ0.13
M5X56,56.00ñ0.46,5.00ñ0.13
M5X57,57.00ñ0.46,5.00ñ0.13
M5X58,58.00ñ0.46,5.00ñ0.13
M5X59,59.00ñ0.51,5.00ñ0.13
M5X60,60.00ñ0.51,5.00ñ0.13
M5X61,61.00ñ0.51,5.00ñ0.13
M5X62,62.00ñ0.51,5.00ñ0.13
M5X63,63.00ñ0.51,5.00ñ0.13
M5X64,64.00ñ0.51,5.00ñ0.13
M5X65,65.00ñ0.51,5.00ñ0.13
M5X66,66.00ñ0.51,5.00ñ0.13
M5X67,67.00ñ0.56,5.00ñ0.13
M5X68,68.00ñ0.56,5.00ñ0.13
M5X69,69.00ñ0.56,5.00ñ0.13
M5X70,70.00ñ0.56,5.00ñ0.13
M5X71,71.00ñ0.56,5.00ñ0.13
M5X72,72.00ñ0.56,5.00ñ0.13
M5X73,73.00ñ0.56,5.00ñ0.13
M5X74,74.00ñ0.56,5.00ñ0.13
M5X75,75.00ñ0.61,5.00ñ0.13
M5X76,76.00ñ0.61,5.00ñ0.13
M5X77,77.00ñ0.61,5.00ñ0.13
M5X78,78.00ñ0.61,5.00ñ0.13
M5X79,79.00ñ0.61,5.00ñ0.13
M5X80,80.00ñ0.61,5.00ñ0.13
M5X81,81.00ñ0.61,5.00ñ0.13
M5X82,82.00ñ0.61,5.00ñ0.13
M5X83,83.00ñ0.61,5.00ñ0.13
M5X84,84.00ñ0.66,5.00ñ0.13
M5X85,85.00ñ0.66,5.00ñ0.13
M5X86,86.00ñ0.66,5.00ñ0.13
M5X87,87.00ñ0.66,5.00ñ0.13
M5X88,88.00ñ0.66,5.00ñ0.13
M5X89,89.00ñ0.66,5.00ñ0.13
M5X90,90.00ñ0.66,5.00ñ0.13
M5X91,91.00ñ0.66,5.00ñ0.13
M5X92,92.00ñ0.66,5.00ñ0.13
M5X93,93.00ñ0.71,5.00ñ0.13
M5X94,94.00ñ0.71,5.00ñ0.13
M5X95,95.00ñ0.71,5.00ñ0.13
M5X96,96.00ñ0.71,5.00ñ0.13
M5X97,97.00ñ0.71,5.00ñ0.13
M5X98,98.00ñ0.71,5.00ñ0.13
M5X99,99.00ñ0.71,5.00ñ0.13
M5X100,100.00ñ0.71,5.00ñ0.13
M5X101,101.00ñ0.71,5.00ñ0.13
M5X102,102.00ñ0.76,5.00ñ0.13
M5X103,103.00ñ0.76,5.00ñ0.13
M5X104,104.00ñ0.76,5.00ñ0.13
M5X105,105.00ñ0.76,5.00ñ0.13
M5X106,106.00ñ0.76,5.00ñ0.13
M5X107,107.00ñ0.76,5.00ñ0.13
M5X108,108.00ñ0.76,5.00ñ0.13
M5X109,109.00ñ0.76,5.00ñ0.13
M5X110,110.00ñ0.76,5.00ñ0.13
M5X111,111.00ñ0.76,5.00ñ0.13
M5X112,112.00ñ0.76,5.00ñ0.13
M5X113,113.00ñ0.76,5.00ñ0.13
M5X114,114.00ñ0.76,5.00ñ0.13
M5X115,115.00ñ0.76,5.00ñ0.13
M5X116,116.00ñ0.76,5.00ñ0.13
M5X117,117.00ñ0.76,5.00ñ0.13
M5X118,118.00ñ0.89,5.00ñ0.13
M5X119,119.00ñ0.89,5.00ñ0.13
M5X120,120.00ñ0.89,5.00ñ0.13
M5X121,121.00ñ0.89,5.00ñ0.13
M5X122,122.00ñ0.89,5.00ñ0.13
M5X123,123.00ñ0.89,5.00ñ0.13
M5X124,124.00ñ0.89,5.00ñ0.13
M5X125,125.00ñ0.89,5.00ñ0.13
M5X126,126.00ñ0.89,5.00ñ0.13
M5X127,127.00ñ0.89,5.00ñ0.13
M5X128,128.00ñ0.89,5.00ñ0.13
M5X129,129.00ñ0.89,5.00ñ0.13
M5X130,130.00ñ0.89,5.00ñ0.13
M5X131,131.00ñ0.89,5.00ñ0.13
M5X132,132.00ñ0.89,5.00ñ0.13
M5X133,133.00ñ0.89,5.00ñ0.13
M5X134,134.00ñ0.89,5.00ñ0.13
M5X135,135.00ñ0.89,5.00ñ0.13
M5X136,136.00ñ0.89,5.00ñ0.13
M5X137,137.00ñ0.89,5.00ñ0.13
M5X138,138.00ñ0.89,5.00ñ0.13
M5X139,139.00ñ0.89,5.00ñ0.13
M5X140,140.00ñ0.89,5.00ñ0.13
M5X141,141.00ñ0.89,5.00ñ0.13
M5X142,142.00ñ1.02,5.00ñ0.13
M5X143,143.00ñ1.02,5.00ñ0.13
M5X144,144.00ñ1.02,5.00ñ0.13
M5X145,145.00ñ1.02,5.00ñ0.13
M5X146,146.00ñ1.02,5.00ñ0.13
M5X147,147.00ñ1.02,5.00ñ0.13
M5X148,148.00ñ1.02,5.00ñ0.13
M5X149,149.00ñ1.02,5.00ñ0.13
M5X150,150.00ñ1.02,5.00ñ0.13
M5X151,151.00ñ1.02,5.00ñ0.13
M5X152,152.00ñ1.02,5.00ñ0.13
M5X153,153.00ñ1.02,5.00ñ0.13
M5X154,154.00ñ1.02,5.00ñ0.13
M5X155,155.00ñ1.02,5.00ñ0.13
M5X156,156.00ñ1.02,5.00ñ0.13
M5X157,157.00ñ1.02,5.00ñ0.13
M5X158,158.00ñ1.02,5.00ñ0.13
M5X159,159.00ñ1.02,5.00ñ0.13
M5X160,160.00ñ1.02,5.00ñ0.13
M5X161,161.00ñ1.02,5.00ñ0.13
M5X162,162.00ñ1.02,5.00ñ0.13
M5X163,163.00ñ1.02,5.00ñ0.13
M5X164,164.00ñ1.02,5.00ñ0.13
M5X165,165.00ñ1.02,5.00ñ0.13
M5X166,166.00ñ1.02,5.00ñ0.13
M5X167,167.00ñ1.14,5.00ñ0.13
M5X168,168.00ñ1.14,5.00ñ0.13
M5X169,169.00ñ1.14,5.00ñ0.13
M5X170,170.00ñ1.14,5.00ñ0.13
M5X171,171.00ñ1.14,5.00ñ0.13
M5X172,172.00ñ1.14,5.00ñ0.13
M5X173,173.00ñ1.14,5.00ñ0.13
M5X174,174.00ñ1.14,5.00ñ0.13
M5X175,175.00ñ1.14,5.00ñ0.13
M5X176,176.00ñ1.14,5.00ñ0.13
M5X177,177.00ñ1.14,5.00ñ0.13
M5X178,178.00ñ1.14,5.00ñ0.13
M5X179,179.00ñ1.14,5.00ñ0.13
M5X180,180.00ñ1.14,5.00ñ0.13
M5X181,181.00ñ1.14,5.00ñ0.13
M5X182,182.00ñ1.14,5.00ñ0.13
M5X183,183.00ñ1.14,5.00ñ0.13
M5X184,184.00ñ1.14,5.00ñ0.13
M5X185,185.00ñ1.14,5.00ñ0.13
M5X186,186.00ñ1.14,5.00ñ0.13
M5X187,187.00ñ1.14,5.00ñ0.13
M5X188,188.00ñ1.14,5.00ñ0.13
M5X189,189.00ñ1.14,5.00ñ0.13
M5X190,190.00ñ1.14,5.00ñ0.13
M5X191,191.00ñ1.14,5.00ñ0.13
M5X192,192.00ñ1.14,5.00ñ0.13
M5X193,193.00ñ1.27,5.00ñ0.13
M5X194,194.00ñ1.27,5.00ñ0.13
M5X195,195.00ñ1.27,5.00ñ0.13
M5X196,196.00ñ1.27,5.00ñ0.13
M5X197,197.00ñ1.27,5.00ñ0.13
M5X198,198.00ñ1.27,5.00ñ0.13
M5X199,199.00ñ1.27,5.00ñ0.13
M5X200,200.00ñ1.27,5.00ñ0.13
M5X201,201.00ñ1.27,5.00ñ0.13
M5X202,202.00ñ1.27,5.00ñ0.13
M5X203,203.00ñ1.27,5.00ñ0.13
M5X204,204.00ñ1.27,5.00ñ0.13
M5X205,205.00ñ1.27,5.00ñ0.13
M5X206,206.00ñ1.27,5.00ñ0.13
M5X207,207.00ñ1.27,5.00ñ0.13
M5X208,208.00ñ1.27,5.00ñ0.13
M5X209,209.00ñ1.27,5.00ñ0.13
M5X210,210.00ñ1.27,5.00ñ0.13
M5X211,211.00ñ1.27,5.00ñ0.13
M5X212,212.00ñ1.27,5.00ñ0.13
M5X213,213.00ñ1.27,5.00ñ0.13
M5X214,214.00ñ1.27,5.00ñ0.13
M5X215,215.00ñ1.27,5.00ñ0.13
M5X216,216.00ñ1.27,5.00ñ0.13
M5X217,217.00ñ1.27,5.00ñ0.13
M5X218,218.00ñ1.27,5.00ñ0.13
M5X219,219.00ñ1.40,5.00ñ0.13
M5X220,220.00ñ1.40,5.00ñ0.13
M5X221,221.00ñ1.40,5.00ñ0.13
M5X222,222.00ñ1.40,5.00ñ0.13
M5X223,223.00ñ1.40,5.00ñ0.13
M5X224,224.00ñ1.40,5.00ñ0.13
M5X225,225.00ñ1.40,5.00ñ0.13
M5X226,226.00ñ1.40,5.00ñ0.13
M5X227,227.00ñ1.40,5.00ñ0.13
M5X228,228.00ñ1.40,5.00ñ0.13
M5X229,229.00ñ1.40,5.00ñ0.13
M5X230,230.00ñ1.40,5.00ñ0.13
M5X231,231.00ñ1.40,5.00ñ0.13
M5X232,232.00ñ1.40,5.00ñ0.13
M5X233,233.00ñ1.40,5.00ñ0.13
M5X234,234.00ñ1.40,5.00ñ0.13
M5X235,235.00ñ1.40,5.00ñ0.13
M5X236,236.00ñ1.40,5.00ñ0.13
M5X237,237.00ñ1.40,5.00ñ0.13
M5X238,238.00ñ1.40,5.00ñ0.13
M5X239,239.00ñ1.40,5.00ñ0.13
M5X240,240.00ñ1.40,5.00ñ0.13
M5X241,241.00ñ1.40,5.00ñ0.13
M5X242,242.00ñ1.40,5.00ñ0.13
M5X243,243.00ñ1.40,5.00ñ0.13
M5X244,244.00ñ1.40,5.00ñ0.13
M5X245,245.00ñ1.40,5.00ñ0.13
M5X246,246.00ñ1.40,5.00ñ0.13
M5X247,247.00ñ1.52,5.00ñ0.13
M5X248,248.00ñ1.52,5.00ñ0.13
M5X249,249.00ñ1.52,5.00ñ0.13
M5X250,250.00ñ1.52,5.00ñ0.13
M5X251,251.00ñ1.52,5.00ñ0.13
M5X252,252.00ñ1.52,5.00ñ0.13
M5X253,253.00ñ1.52,5.00ñ0.13
M5X254,254.00ñ1.52,5.00ñ0.13
M5X255,255.00ñ1.52,5.00ñ0.13
M5X256,256.00ñ1.52,5.00ñ0.13
M5X257,257.00ñ1.52,5.00ñ0.13
M5X258,258.00ñ1.52,5.00ñ0.13
M5X259,259.00ñ1.52,5.00ñ0.13
M5X260,260.00ñ1.52,5.00ñ0.13
M5X261,261.00ñ1.52,5.00ñ0.13
M5X262,262.00ñ1.52,5.00ñ0.13
M5X263,263.00ñ1.52,5.00ñ0.13
M5X264,264.00ñ1.52,5.00ñ0.13
M5X265,265.00ñ1.52,5.00ñ0.13
M5X266,266.00ñ1.52,5.00ñ0.13
M5X267,267.00ñ1.52,5.00ñ0.13
M5X268,268.00ñ1.52,5.00ñ0.13
M5X269,269.00ñ1.52,5.00ñ0.13
M5X270,270.00ñ1.52,5.00ñ0.13
M5X271,271.00ñ1.52,5.00ñ0.13
M5X272,272.00ñ1.52,5.00ñ0.13
M5X273,273.00ñ1.52,5.00ñ0.13
M5X274,274.00ñ1.52,5.00ñ0.13
M5X275,275.00ñ1.52,5.00ñ0.13
M5X276,276.00ñ1.52,5.00ñ0.13
M5X277,277.00ñ1.52,5.00ñ0.13
M5X278,278.00ñ1.52,5.00ñ0.13
M5X279,279.00ñ1.52,5.00ñ0.13
M5X280,280.00ñ1.52,5.00ñ0.13
M5X281,281.00ñ1.52,5.00ñ0.13
M5X282,282.00ñ1.52,5.00ñ0.13
M5X283,283.00ñ1.52,5.00ñ0.13
M5X284,284.00ñ1.52,5.00ñ0.13
M5X285,285.00ñ1.52,5.00ñ0.13
M5X286,286.00ñ1.52,5.00ñ0.13
M5X287,287.00ñ1.52,5.00ñ0.13
M5X288,288.00ñ1.52,5.00ñ0.13
M5X289,289.00ñ1.52,5.00ñ0.13
M5X290,290.00ñ1.78,5.00ñ0.13
M5X291,291.00ñ1.78,5.00ñ0.13
M5X292,292.00ñ1.78,5.00ñ0.13
M5X293,293.00ñ1.78,5.00ñ0.13
M5X294,294.00ñ1.78,5.00ñ0.13
M5X295,295.00ñ1.78,5.00ñ0.13
M5X296,296.00ñ1.78,5.00ñ0.13
M5X297,297.00ñ1.78,5.00ñ0.13
M5X298,298.00ñ1.78,5.00ñ0.13
M5X299,299.00ñ1.78,5.00ñ0.13
M5X300,300.00ñ1.78,5.00ñ0.13
M5X301,301.00ñ1.78,5.00ñ0.13
M5X302,302.00ñ1.78,5.00ñ0.13
M5X303,303.00ñ1.78,5.00ñ0.13
M5X304,304.00ñ1.78,5.00ñ0.13
M5X305,305.00ñ1.78,5.00ñ0.13
M5X306,306.00ñ1.78,5.00ñ0.13
M5X307,307.00ñ1.78,5.00ñ0.13
M5X308,308.00ñ1.78,5.00ñ0.13
M5X309,309.00ñ1.78,5.00ñ0.13
M5X310,310.00ñ1.78,5.00ñ0.13
M5X311,311.00ñ1.78,5.00ñ0.13
M5X312,312.00ñ1.78,5.00ñ0.13
M5X313,313.00ñ1.78,5.00ñ0.13
M5X314,314.00ñ1.78,5.00ñ0.13
M5X315,315.00ñ1.78,5.00ñ0.13
M5X316,316.00ñ1.78,5.00ñ0.13
M5X317,317.00ñ1.78,5.00ñ0.13
M5X318,318.00ñ1.78,5.00ñ0.13
M5X319,319.00ñ1.78,5.00ñ0.13
M5X320,320.00ñ1.78,5.00ñ0.13
M5X321,321.00ñ1.78,5.00ñ0.13
M5X322,322.00ñ1.78,5.00ñ0.13
M5X323,323.00ñ1.78,5.00ñ0.13
M5X324,324.00ñ1.78,5.00ñ0.13
M5X325,325.00ñ1.78,5.00ñ0.13
M5X326,326.00ñ1.78,5.00ñ0.13
M5X327,327.00ñ1.78,5.00ñ0.13
M5X328,328.00ñ1.78,5.00ñ0.13
M5X329,329.00ñ1.78,5.00ñ0.13
M5X330,330.00ñ1.78,5.00ñ0.13
M5X331,331.00ñ1.78,5.00ñ0.13
M5X332,332.00ñ1.78,5.00ñ0.13
M5X333,333.00ñ1.78,5.00ñ0.13
M5X334,334.00ñ1.78,5.00ñ0.13
M5X335,335.00ñ1.78,5.00ñ0.13
M5X336,336.00ñ1.78,5.00ñ0.13
M5X337,337.00ñ1.78,5.00ñ0.13
M5X338,338.00ñ1.78,5.00ñ0.13
M5X339,339.00ñ1.78,5.00ñ0.13
M5X340,340.00ñ1.78,5.00ñ0.13
M5X341,341.00ñ1.78,5.00ñ0.13
M5X342,342.00ñ1.78,5.00ñ0.13
M5X343,343.00ñ1.78,5.00ñ0.13
M5X344,344.00ñ1.78,5.00ñ0.13
M5X345,345.00ñ1.78,5.00ñ0.13
M5X346,346.00ñ1.78,5.00ñ0.13
M5X347,347.00ñ1.78,5.00ñ0.13
M5X348,348.00ñ2.03,5.00ñ0.13
M5X349,349.00ñ2.03,5.00ñ0.13
M5X350,350.00ñ2.03,5.00ñ0.13
M5X351,351.00ñ2.03,5.00ñ0.13
M5X352,352.00ñ2.03,5.00ñ0.13
M5X353,353.00ñ2.03,5.00ñ0.13
M5X354,354.00ñ2.03,5.00ñ0.13
M5X355,355.00ñ2.03,5.00ñ0.13
M5X356,356.00ñ2.03,5.00ñ0.13
M5X357,357.00ñ2.03,5.00ñ0.13
M5X358,358.00ñ2.03,5.00ñ0.13
M5X359,359.00ñ2.03,5.00ñ0.13
M5X360,360.00ñ2.03,5.00ñ0.13
M5X361,361.00ñ2.03,5.00ñ0.13
M5X362,362.00ñ2.03,5.00ñ0.13
M5X363,363.00ñ2.03,5.00ñ0.13
M5X364,364.00ñ2.03,5.00ñ0.13
M5X365,365.00ñ2.03,5.00ñ0.13
M5X366,366.00ñ2.03,5.00ñ0.13
M5X367,367.00ñ2.03,5.00ñ0.13
M5X368,368.00ñ2.03,5.00ñ0.13
M5X369,369.00ñ2.03,5.00ñ0.13
M5X370,370.00ñ2.03,5.00ñ0.13
M5X371,371.00ñ2.03,5.00ñ0.13
M5X372,372.00ñ2.03,5.00ñ0.13
M5X373,373.00ñ2.03,5.00ñ0.13
M5X374,374.00ñ2.03,5.00ñ0.13
M5X375,375.00ñ2.03,5.00ñ0.13
M5X376,376.00ñ2.03,5.00ñ0.13
M5X377,377.00ñ2.03,5.00ñ0.13
M5X378,378.00ñ2.03,5.00ñ0.13
M5X379,379.00ñ2.03,5.00ñ0.13
M5X380,380.00ñ2.03,5.00ñ0.13
M5X381,381.00ñ2.03,5.00ñ0.13
M5X382,382.00ñ2.03,5.00ñ0.13
M5X383,383.00ñ2.03,5.00ñ0.13
M5X384,384.00ñ2.03,5.00ñ0.13
M5X385,385.00ñ2.03,5.00ñ0.13
M5X386,386.00ñ2.03,5.00ñ0.13
M5X387,387.00ñ2.03,5.00ñ0.13
M5X388,388.00ñ2.03,5.00ñ0.13
M5X389,389.00ñ2.03,5.00ñ0.13
M5X390,390.00ñ2.03,5.00ñ0.13
M5X391,391.00ñ2.03,5.00ñ0.13
M5X392,392.00ñ2.03,5.00ñ0.13
M5X393,393.00ñ2.03,5.00ñ0.13
M5X394,394.00ñ2.03,5.00ñ0.13
M5X395,395.00ñ2.03,5.00ñ0.13
M5X396,396.00ñ2.03,5.00ñ0.13
M5X397,397.00ñ2.03,5.00ñ0.13
M5X398,398.00ñ2.03,5.00ñ0.13
M5X399,399.00ñ2.03,5.00ñ0.13
M5X400,400.00ñ2.03,5.00ñ0.13
M5.3X40,40.00ñ0.36,5.30ñ0.13
M5.3X41.2,41.20ñ0.36,5.30ñ0.13
M5.3X41.4,41.40ñ0.36,5.30ñ0.13
M5.3X42.5,42.50ñ0.36,5.30ñ0.13
M5.3X43.7,43.70ñ0.41,5.30ñ0.13
M5.3X45,45.00ñ0.41,5.30ñ0.13
M5.3X46.2,46.20ñ0.41,5.30ñ0.13
M5.3X47.5,47.50ñ0.41,5.30ñ0.13
M5.3X48.7,48.70ñ0.41,5.30ñ0.13
M5.3X50,50.00ñ0.41,5.30ñ0.13
M5.3X51.5,51.50ñ0.46,5.30ñ0.13
M5.3X53,53.00ñ0.46,5.30ñ0.13
M5.3X54.4,54.40ñ0.46,5.30ñ0.13
M5.3X54.5,54.50ñ0.46,5.30ñ0.13
M5.3X56,56.00ñ0.46,5.30ñ0.13
M5.3X58,58.00ñ0.46,5.30ñ0.13
M5.3X60,60.00ñ0.51,5.30ñ0.13
M5.3X61.5,61.50ñ0.51,5.30ñ0.13
M5.3X63,63.00ñ0.51,5.30ñ0.13
M5.3X65,65.00ñ0.51,5.30ñ0.13
M5.3X67,67.00ñ0.56,5.30ñ0.13
M5.3X69,69.00ñ0.56,5.30ñ0.13
M5.3X71,71.00ñ0.56,5.30ñ0.13
M5.3X73,73.00ñ0.56,5.30ñ0.13
M5.3X75,75.00ñ0.61,5.30ñ0.13
M5.3X77.5,77.50ñ0.61,5.30ñ0.13
M5.3X80,80.00ñ0.61,5.30ñ0.13
M5.3X82.5,82.50ñ0.61,5.30ñ0.13
M5.3X85,85.00ñ0.66,5.30ñ0.13
M5.3X87.5,87.50ñ0.66,5.30ñ0.13
M5.3X90,90.00ñ0.66,5.30ñ0.13
M5.3X92.5,92.50ñ0.71,5.30ñ0.13
M5.3X95,95.00ñ0.71,5.30ñ0.13
M5.3X97.5,97.50ñ0.71,5.30ñ0.13
M5.3X100,100.00ñ0.71,5.30ñ0.13
M5.3X103,103.00ñ0.76,5.30ñ0.13
M5.3X106,106.00ñ0.76,5.30ñ0.13
M5.3X109,109.00ñ0.76,5.30ñ0.13
M5.3X112,112.00ñ0.76,5.30ñ0.13
M5.3X115,115.00ñ0.76,5.30ñ0.13
M5.3X118,118.00ñ0.89,5.30ñ0.13
M5.3X122,122.00ñ0.89,5.30ñ0.13
M5.3X125,125.00ñ0.89,5.30ñ0.13
M5.3X128,128.00ñ0.89,5.30ñ0.13
M5.3X132,132.00ñ0.89,5.30ñ0.13
M5.3X136,136.00ñ0.89,5.30ñ0.13
M5.3X140,140.00ñ0.89,5.30ñ0.13
M5.3X145,145.00ñ1.02,5.30ñ0.13
M5.3X150,150.00ñ1.02,5.30ñ0.13
M5.3X155,155.00ñ1.02,5.30ñ0.13
M5.3X160,160.00ñ1.02,5.30ñ0.13
M5.3X165,165.00ñ1.02,5.30ñ0.13
M5.3X170,170.00ñ1.14,5.30ñ0.13
M5.3X175,175.00ñ1.14,5.30ñ0.13
M5.3X180,180.00ñ1.14,5.30ñ0.13
M5.3X185,185.00ñ1.14,5.30ñ0.13
M5.3X190,190.00ñ1.14,5.30ñ0.13
M5.3X195,195.00ñ1.27,5.30ñ0.13
M5.3X200,200.00ñ1.27,5.30ñ0.13
M5.33X74.63,74.63ñ0.56,5.33ñ0.13
M5.33X79.73,79.73ñ0.61,5.33ñ0.13
M5.33X89.69,89.69ñ0.66,5.33ñ0.13
M5.33X100,100.00ñ0.71,5.33ñ0.13
M5.33X109.54,109.54ñ0.76,5.33ñ0.13
M5.33X117.48,117.48ñ0.89,5.33ñ0.13
M5.33X120.65,120.65ñ0.89,5.33ñ0.13
M5.33X123.83,123.83ñ0.89,5.33ñ0.13
M5.33X127,127.00ñ0.89,5.33ñ0.13
M5.33X130.18,130.18ñ0.89,5.33ñ0.13
M5.33X133.35,133.35ñ0.89,5.33ñ0.13
M5.33X136.53,136.53ñ0.89,5.33ñ0.13
M5.33X139.7,139.70ñ0.89,5.33ñ0.13
M5.33X142.88,142.88ñ1.02,5.33ñ0.13
M5.33X146.05,146.05ñ1.02,5.33ñ0.13
M5.33X149.23,149.23ñ1.02,5.33ñ0.13
M5.33X155,155.00ñ1.02,5.33ñ0.13
M5.33X161.3,161.30ñ1.02,5.33ñ0.13
M5.33X167.7,167.70ñ1.14,5.33ñ0.13
M5.33X174,174.00ñ1.14,5.33ñ0.13
M5.33X247.02,247.02ñ1.52,5.33ñ0.13
M5.7X44.2,44.20ñ0.41,5.70ñ0.15
M5.7X44.3,44.30ñ0.41,5.70ñ0.15
M5.7X45.3,45.30ñ0.41,5.70ñ0.15
M5.7X47.6,47.60ñ0.41,5.70ñ0.15
M5.7X49.2,49.20ñ0.41,5.70ñ0.15
M5.7X49.3,49.30ñ0.41,5.70ñ0.15
M5.7X49.6,49.60ñ0.41,5.70ñ0.15
M5.7X51.6,51.60ñ0.46,5.70ñ0.15
M5.7X52.3,52.30ñ0.46,5.70ñ0.15
M5.7X52.5,52.50ñ0.46,5.70ñ0.15
M5.7X52.6,52.60ñ0.46,5.70ñ0.15
M5.7X54.2,54.20ñ0.46,5.70ñ0.15
M5.7X54.3,54.30ñ0.46,5.70ñ0.15
M5.7X54.6,54.60ñ0.46,5.70ñ0.15
M5.7X55.3,55.30ñ0.46,5.70ñ0.15
M5.7X55.6,55.60ñ0.46,5.70ñ0.15
M5.7X57.6,57.60ñ0.46,5.70ñ0.15
M5.7X59.2,59.20ñ0.51,5.70ñ0.15
M5.7X59.3,59.30ñ0.51,5.70ñ0.15
M5.7X59.6,59.60ñ0.51,5.70ñ0.15
M5.7X59.7,59.70ñ0.51,5.70ñ0.15
M5.7X61.6,61.60ñ0.51,5.70ñ0.15
M5.7X62,62.00ñ0.51,5.70ñ0.15
M5.7X62.3,62.30ñ0.51,5.70ñ0.15
M5.7X62.6,62.60ñ0.51,5.70ñ0.15
M5.7X64,64.00ñ0.51,5.70ñ0.15
M5.7X64.2,64.20ñ0.51,5.70ñ0.15
M5.7X64.3,64.30ñ0.51,5.70ñ0.15
M5.7X64.6,64.60ñ0.51,5.70ñ0.15
M5.7X66.6,66.60ñ0.56,5.70ñ0.15
M5.7X69,69.00ñ0.56,5.70ñ0.15
M5.7X69.2,69.20ñ0.56,5.70ñ0.15
M5.7X69.3,69.30ñ0.56,5.70ñ0.15
M5.7X69.6,69.60ñ0.56,5.70ñ0.15
M5.7X70.6,70.60ñ0.56,5.70ñ0.15
M5.7X74,74.00ñ0.56,5.70ñ0.15
M5.7X74.2,74.20ñ0.56,5.70ñ0.15
M5.7X74.3,74.30ñ0.56,5.70ñ0.15
M5.7X74.6,74.60ñ0.56,5.70ñ0.15
M5.7X79,79.00ñ0.61,5.70ñ0.15
M5.7X79.2,79.20ñ0.61,5.70ñ0.15
M5.7X79.3,79.30ñ0.61,5.70ñ0.15
M5.7X79.6,79.60ñ0.61,5.70ñ0.15
M5.7X84,84.00ñ0.66,5.70ñ0.15
M5.7X84.1,84.10ñ0.66,5.70ñ0.15
M5.7X84.3,84.30ñ0.66,5.70ñ0.15
M5.7X84.6,84.60ñ0.66,5.70ñ0.15
M5.7X89,89.00ñ0.66,5.70ñ0.15
M5.7X89.1,89.10ñ0.66,5.70ñ0.15
M5.7X89.3,89.30ñ0.66,5.70ñ0.15
M5.7X89.6,89.60ñ0.66,5.70ñ0.15
M5.7X94,94.00ñ0.71,5.70ñ0.15
M5.7X94.1,94.10ñ0.71,5.70ñ0.15
M5.7X94.3,94.30ñ0.71,5.70ñ0.15
M5.7X94.6,94.60ñ0.71,5.70ñ0.15
M5.7X99,99.00ñ0.71,5.70ñ0.15
M5.7X99.1,99.10ñ0.71,5.70ñ0.15
M5.7X99.3,99.30ñ0.71,5.70ñ0.15
M5.7X99.6,99.60ñ0.71,5.70ñ0.15
M5.7X101.6,101.60ñ0.71,5.70ñ0.15
M5.7X104,104.00ñ0.76,5.70ñ0.15
M5.7X104.1,104.10ñ0.76,5.70ñ0.15
M5.7X104.3,104.30ñ0.76,5.70ñ0.15
M5.7X104.6,104.60ñ0.76,5.70ñ0.15
M5.7X109,109.00ñ0.76,5.70ñ0.15
M5.7X109.1,109.10ñ0.76,5.70ñ0.15
M5.7X109.3,109.30ñ0.76,5.70ñ0.15
M5.7X109.6,109.60ñ0.76,5.70ñ0.15
M5.7X111.6,111.60ñ0.76,5.70ñ0.15
M5.7X114,114.00ñ0.76,5.70ñ0.15
M5.7X114.3,114.30ñ0.76,5.70ñ0.15
M5.7X114.6,114.60ñ0.76,5.70ñ0.15
M5.7X119,119.00ñ0.89,5.70ñ0.15
M5.7X119.3,119.30ñ0.89,5.70ñ0.15
M5.7X119.6,119.60ñ0.89,5.70ñ0.15
M5.7X124,124.00ñ0.89,5.70ñ0.15
M5.7X124.3,124.30ñ0.89,5.70ñ0.15
M5.7X124.6,124.60ñ0.89,5.70ñ0.15
M5.7X129.3,129.30ñ0.89,5.70ñ0.15
M5.7X129.6,129.60ñ0.89,5.70ñ0.15
M5.7X131.6,131.60ñ0.89,5.70ñ0.15
M5.7X134.3,134.30ñ0.89,5.70ñ0.15
M5.7X134.6,134.60ñ0.89,5.70ñ0.15
M5.7X139.3,139.30ñ0.89,5.70ñ0.15
M5.7X139.6,139.60ñ0.89,5.70ñ0.15
M5.7X144.3,144.30ñ1.02,5.70ñ0.15
M5.7X144.6,144.60ñ1.02,5.70ñ0.15
M5.7X149.3,149.30ñ1.02,5.70ñ0.15
M5.7X149.6,149.60ñ1.02,5.70ñ0.15
M5.7X154.3,154.30ñ1.02,5.70ñ0.15
M5.7X159.3,159.30ñ1.02,5.70ñ0.15
M5.7X164.3,164.30ñ1.02,5.70ñ0.15
M5.7X169.3,169.30ñ1.14,5.70ñ0.15
M5.7X174.3,174.30ñ1.14,5.70ñ0.15
M5.7X179.3,179.30ñ1.14,5.70ñ0.15
M5.7X184.3,184.30ñ1.14,5.70ñ0.15
M5.7X189.3,189.30ñ1.14,5.70ñ0.15
M5.7X194.3,194.30ñ1.27,5.70ñ0.15
M5.7X199.3,199.30ñ1.27,5.70ñ0.15
M5.7X209.3,209.30ñ1.27,5.70ñ0.15
M5.7X219.3,219.30ñ1.40,5.70ñ0.15
M5.7X229.3,229.30ñ1.40,5.70ñ0.15
M5.7X239.3,239.30ñ1.40,5.70ñ0.15
M5.7X249.3,249.30ñ1.52,5.70ñ0.15
M5.7X259.3,259.30ñ1.52,5.70ñ0.15
M5.7X269.3,269.30ñ1.52,5.70ñ0.15
M5.7X279.3,279.30ñ1.52,5.70ñ0.15
M5.7X289.3,289.30ñ1.52,5.70ñ0.15
M5.7X299.3,299.30ñ1.78,5.70ñ0.15
M5.7X319.3,319.30ñ1.78,5.70ñ0.15
M5.7X329.3,329.30ñ1.78,5.70ñ0.15
M5.7X339.3,339.30ñ1.78,5.70ñ0.15
M5.7X359.3,359.30ñ2.03,5.70ñ0.15
M5.7X379.3,379.30ñ2.03,5.70ñ0.15
M5.7X399.3,399.30ñ2.03,5.70ñ0.15
M5.7X419.3,419.30ñ2.29,5.70ñ0.15
M5.7X439.3,439.30ñ2.29,5.70ñ0.15
M5.7X459.3,459.30ñ2.29,5.70ñ0.15
M5.7X479.3,479.30ñ2.54,5.70ñ0.15
M5.7X499.3,499.30ñ2.54,5.70ñ0.15
M6X6,6.00ñ0.13,6.00ñ0.15
M6X7,7.00ñ0.13,6.00ñ0.15
M6X9,9.00ñ0.13,6.00ñ0.15
M6X10,10.00ñ0.13,6.00ñ0.15
M6X11,11.00ñ0.13,6.00ñ0.15
M6X12,12.00ñ0.15,6.00ñ0.15
M6X13,13.00ñ0.15,6.00ñ0.15
M6X14,14.00ñ0.15,6.00ñ0.15
M6X15,15.00ñ0.18,6.00ñ0.15
M6X16,16.00ñ0.18,6.00ñ0.15
M6X18,18.00ñ0.20,6.00ñ0.15
M6X19,19.00ñ0.20,6.00ñ0.15
M6X19.5,19.50ñ0.20,6.00ñ0.15
M6X20,20.00ñ0.20,6.00ñ0.15
M6X21,21.00ñ0.23,6.00ñ0.15
M6X22,22.00ñ0.23,6.00ñ0.15
M6X23,23.00ñ0.23,6.00ñ0.15
M6X23.5,23.50ñ0.23,6.00ñ0.15
M6X24,24.00ñ0.25,6.00ñ0.15
M6X25,25.00ñ0.25,6.00ñ0.15
M6X26,26.00ñ0.25,6.00ñ0.15
M6X27,27.00ñ0.25,6.00ñ0.15
M6X28,28.00ñ0.25,6.00ñ0.15
M6X29,29.00ñ0.30,6.00ñ0.15
M6X30,30.00ñ0.30,6.00ñ0.15
M6X31,31.00ñ0.30,6.00ñ0.15
M6X32,32.00ñ0.30,6.00ñ0.15
M6X33,33.00ñ0.30,6.00ñ0.15
M6X34,34.00ñ0.30,6.00ñ0.15
M6X35,35.00ñ0.30,6.00ñ0.15
M6X36,36.00ñ0.36,6.00ñ0.15
M6X37,37.00ñ0.36,6.00ñ0.15
M6X38,38.00ñ0.36,6.00ñ0.15
M6X39,39.00ñ0.36,6.00ñ0.15
M6X39.5,39.50ñ0.36,6.00ñ0.15
M6X40,40.00ñ0.36,6.00ñ0.15
M6X41,41.00ñ0.36,6.00ñ0.15
M6X41.5,41.50ñ0.36,6.00ñ0.15
M6X42,42.00ñ0.36,6.00ñ0.15
M6X43,43.00ñ0.36,6.00ñ0.15
M6X44,44.00ñ0.41,6.00ñ0.15
M6X44.5,44.50ñ0.41,6.00ñ0.15
M6X45,45.00ñ0.41,6.00ñ0.15
M6X46,46.00ñ0.41,6.00ñ0.15
M6X47,47.00ñ0.41,6.00ñ0.15
M6X48,48.00ñ0.41,6.00ñ0.15
M6X49,49.00ñ0.41,6.00ñ0.15
M6X50,50.00ñ0.41,6.00ñ0.15
M6X51,51.00ñ0.46,6.00ñ0.15
M6X52,52.00ñ0.46,6.00ñ0.15
M6X53,53.00ñ0.46,6.00ñ0.15
M6X54,54.00ñ0.46,6.00ñ0.15
M6X55,55.00ñ0.46,6.00ñ0.15
M6X56,56.00ñ0.46,6.00ñ0.15
M6X57,57.00ñ0.46,6.00ñ0.15
M6X58,58.00ñ0.46,6.00ñ0.15
M6X59.5,59.50ñ0.51,6.00ñ0.15
M6X60,60.00ñ0.51,6.00ñ0.15
M6X61,61.00ñ0.51,6.00ñ0.15
M6X62,62.00ñ0.51,6.00ñ0.15
M6X63,63.00ñ0.51,6.00ñ0.15
M6X64,64.00ñ0.51,6.00ñ0.15
M6X65,65.00ñ0.51,6.00ñ0.15
M6X66,66.00ñ0.51,6.00ñ0.15
M6X67,67.00ñ0.56,6.00ñ0.15
M6X68,68.00ñ0.56,6.00ñ0.15
M6X69,69.00ñ0.56,6.00ñ0.15
M6X70,70.00ñ0.56,6.00ñ0.15
M6X72,72.00ñ0.56,6.00ñ0.15
M6X73,73.00ñ0.56,6.00ñ0.15
M6X74,74.00ñ0.56,6.00ñ0.15
M6X75,75.00ñ0.61,6.00ñ0.15
M6X76,76.00ñ0.61,6.00ñ0.15
M6X78,78.00ñ0.61,6.00ñ0.15
M6X78.5,78.50ñ0.61,6.00ñ0.15
M6X79,79.00ñ0.61,6.00ñ0.15
M6X80,80.00ñ0.61,6.00ñ0.15
M6X81,81.00ñ0.61,6.00ñ0.15
M6X81.5,81.50ñ0.61,6.00ñ0.15
M6X84,84.00ñ0.66,6.00ñ0.15
M6X85,85.00ñ0.66,6.00ñ0.15
M6X86,86.00ñ0.66,6.00ñ0.15
M6X88,88.00ñ0.66,6.00ñ0.15
M6X90,90.00ñ0.66,6.00ñ0.15
M6X92,92.00ñ0.66,6.00ñ0.15
M6X93,93.00ñ0.71,6.00ñ0.15
M6X95,95.00ñ0.71,6.00ñ0.15
M6X96,96.00ñ0.71,6.00ñ0.15
M6X98,98.00ñ0.71,6.00ñ0.15
M6X99,99.00ñ0.71,6.00ñ0.15
M6X100,100.00ñ0.71,6.00ñ0.15
M6X101,101.00ñ0.71,6.00ñ0.15
M6X103,103.00ñ0.76,6.00ñ0.15
M6X104,104.00ñ0.76,6.00ñ0.15
M6X104.5,104.50ñ0.76,6.00ñ0.15
M6X105,105.00ñ0.76,6.00ñ0.15
M6X106,106.00ñ0.76,6.00ñ0.15
M6X108,108.00ñ0.76,6.00ñ0.15
M6X110,110.00ñ0.76,6.00ñ0.15
M6X111,111.00ñ0.76,6.00ñ0.15
M6X112,112.00ñ0.76,6.00ñ0.15
M6X114,114.00ñ0.76,6.00ñ0.15
M6X115,115.00ñ0.76,6.00ñ0.15
M6X118,118.00ñ0.89,6.00ñ0.15
M6X120,120.00ñ0.89,6.00ñ0.15
M6X122,122.00ñ0.89,6.00ñ0.15
M6X123,123.00ñ0.89,6.00ñ0.15
M6X124,124.00ñ0.89,6.00ñ0.15
M6X125,125.00ñ0.89,6.00ñ0.15
M6X128,128.00ñ0.89,6.00ñ0.15
M6X130,130.00ñ0.89,6.00ñ0.15
M6X132,132.00ñ0.89,6.00ñ0.15
M6X134,134.00ñ0.89,6.00ñ0.15
M6X135,135.00ñ0.89,6.00ñ0.15
M6X136,136.00ñ0.89,6.00ñ0.15
M6X138,138.00ñ0.89,6.00ñ0.15
M6X139.2,139.20ñ0.89,6.00ñ0.15
M6X140,140.00ñ0.89,6.00ñ0.15
M6X142,142.00ñ1.02,6.00ñ0.15
M6X145,145.00ñ1.02,6.00ñ0.15
M6X146,146.00ñ1.02,6.00ñ0.15
M6X148,148.00ñ1.02,6.00ñ0.15
M6X150,150.00ñ1.02,6.00ñ0.15
M6X153,153.00ñ1.02,6.00ñ0.15
M6X154,154.00ñ1.02,6.00ñ0.15
M6X155,155.00ñ1.02,6.00ñ0.15
M6X155.5,155.50ñ1.02,6.00ñ0.15
M6X156,156.00ñ1.02,6.00ñ0.15
M6X157,157.00ñ1.02,6.00ñ0.15
M6X158,158.00ñ1.02,6.00ñ0.15
M6X159,159.00ñ1.02,6.00ñ0.15
M6X160,160.00ñ1.02,6.00ñ0.15
M6X162,162.00ñ1.02,6.00ñ0.15
M6X165,165.00ñ1.02,6.00ñ0.15
M6X166,166.00ñ1.02,6.00ñ0.15
M6X169,169.00ñ1.14,6.00ñ0.15
M6X170,170.00ñ1.14,6.00ñ0.15
M6X172,172.00ñ1.14,6.00ñ0.15
M6X175,175.00ñ1.14,6.00ñ0.15
M6X176,176.00ñ1.14,6.00ñ0.15
M6X180,180.00ñ1.14,6.00ñ0.15
M6X182,182.00ñ1.14,6.00ñ0.15
M6X184,184.00ñ1.14,6.00ñ0.15
M6X185,185.00ñ1.14,6.00ñ0.15
M6X188,188.00ñ1.14,6.00ñ0.15
M6X190,190.00ñ1.14,6.00ñ0.15
M6X191.2,191.20ñ1.14,6.00ñ0.15
M6X193,193.00ñ1.27,6.00ñ0.15
M6X195,195.00ñ1.27,6.00ñ0.15
M6X196,196.00ñ1.27,6.00ñ0.15
M6X198,198.00ñ1.27,6.00ñ0.15
M6X200,200.00ñ1.27,6.00ñ0.15
M6X201,201.00ñ1.27,6.00ñ0.15
M6X202,202.00ñ1.27,6.00ñ0.15
M6X203,203.00ñ1.27,6.00ñ0.15
M6X203.5,203.50ñ1.27,6.00ñ0.15
M6X204,204.00ñ1.27,6.00ñ0.15
M6X205,205.00ñ1.27,6.00ñ0.15
M6X208,208.00ñ1.27,6.00ñ0.15
M6X210,210.00ñ1.27,6.00ñ0.15
M6X212,212.00ñ1.27,6.00ñ0.15
M6X215,215.00ñ1.27,6.00ñ0.15
M6X216,216.00ñ1.27,6.00ñ0.15
M6X217,217.00ñ1.27,6.00ñ0.15
M6X218,218.00ñ1.27,6.00ñ0.15
M6X220,220.00ñ1.40,6.00ñ0.15
M6X221,221.00ñ1.40,6.00ñ0.15
M6X225,225.00ñ1.40,6.00ñ0.15
M6X226,226.00ñ1.40,6.00ñ0.15
M6X229,229.00ñ1.40,6.00ñ0.15
M6X230,230.00ñ1.40,6.00ñ0.15
M6X235,235.00ñ1.40,6.00ñ0.15
M6X236,236.00ñ1.40,6.00ñ0.15
M6X237,237.00ñ1.40,6.00ñ0.15
M6X237.5,237.50ñ1.40,6.00ñ0.15
M6X238,238.00ñ1.40,6.00ñ0.15
M6X240,240.00ñ1.40,6.00ñ0.15
M6X242,242.00ñ1.40,6.00ñ0.15
M6X244,244.00ñ1.40,6.00ñ0.15
M6X247,247.00ñ1.52,6.00ñ0.15
M6X249,249.00ñ1.52,6.00ñ0.15
M6X250,250.00ñ1.52,6.00ñ0.15
M6X258,258.00ñ1.52,6.00ñ0.15
M6X259,259.00ñ1.52,6.00ñ0.15
M6X260,260.00ñ1.52,6.00ñ0.15
M6X262,262.00ñ1.52,6.00ñ0.15
M6X265,265.00ñ1.52,6.00ñ0.15
M6X266,266.00ñ1.52,6.00ñ0.15
M6X270,270.00ñ1.52,6.00ñ0.15
M6X278,278.00ñ1.52,6.00ñ0.15
M6X280,280.00ñ1.52,6.00ñ0.15
M6X284,284.00ñ1.52,6.00ñ0.15
M6X285,285.00ñ1.52,6.00ñ0.15
M6X288,288.00ñ1.52,6.00ñ0.15
M6X290,290.00ñ1.78,6.00ñ0.15
M6X294,294.00ñ1.78,6.00ñ0.15
M6X295,295.00ñ1.78,6.00ñ0.15
M6X300,300.00ñ1.78,6.00ñ0.15
M6X301,301.00ñ1.78,6.00ñ0.15
M6X305,305.00ñ1.78,6.00ñ0.15
M6X310,310.00ñ1.78,6.00ñ0.15
M6X311,311.00ñ1.78,6.00ñ0.15
M6X315,315.00ñ1.78,6.00ñ0.15
M6X320,320.00ñ1.78,6.00ñ0.15
M6X324,324.00ñ1.78,6.00ñ0.15
M6X325,325.00ñ1.78,6.00ñ0.15
M6X330,330.00ñ1.78,6.00ñ0.15
M6X333,333.00ñ1.78,6.00ñ0.15
M6X335,335.00ñ1.78,6.00ñ0.15
M6X338,338.00ñ1.78,6.00ñ0.15
M6X340,340.00ñ1.78,6.00ñ0.15
M6X345,345.00ñ1.78,6.00ñ0.15
M6X348,348.00ñ2.03,6.00ñ0.15
M6X350,350.00ñ2.03,6.00ñ0.15
M6X355,355.00ñ2.03,6.00ñ0.15
M6X358,358.00ñ2.03,6.00ñ0.15
M6X360,360.00ñ2.03,6.00ñ0.15
M6X365,365.00ñ2.03,6.00ñ0.15
M6X368,368.00ñ2.03,6.00ñ0.15
M6X370,370.00ñ2.03,6.00ñ0.15
M6X375,375.00ñ2.03,6.00ñ0.15
M6X376,376.00ñ2.03,6.00ñ0.15
M6X380,380.00ñ2.03,6.00ñ0.15
M6X385,385.00ñ2.03,6.00ñ0.15
M6X386,386.00ñ2.03,6.00ñ0.15
M6X388,388.00ñ2.03,6.00ñ0.15
M6X389,389.00ñ2.03,6.00ñ0.15
M6X390,390.00ñ2.03,6.00ñ0.15
M6X392,392.00ñ2.03,6.00ñ0.15
M6X394,394.00ñ2.03,6.00ñ0.15
M6X395,395.00ñ2.03,6.00ñ0.15
M6X398,398.00ñ2.03,6.00ñ0.15
M6X400,400.00ñ2.03,6.00ñ0.15
M6X415,415.00ñ2.29,6.00ñ0.15
M6X422,422.00ñ2.29,6.00ñ0.15
M6X429,429.00ñ2.29,6.00ñ0.15
M6X446,446.00ñ2.29,6.00ñ0.15
M6X448,448.00ñ2.29,6.00ñ0.15
M6X450,450.00ñ2.29,6.00ñ0.15
M6X453,453.00ñ2.29,6.00ñ0.15
M6X470,470.00ñ2.29,6.00ñ0.15
M6X478,478.00ñ2.54,6.00ñ0.15
M6X480,480.00ñ2.54,6.00ñ0.15
M6X483,483.00ñ2.54,6.00ñ0.15
M6X486,486.00ñ2.54,6.00ñ0.15
M6X489,489.00ñ2.54,6.00ñ0.15
M6X500,500.00ñ2.54,6.00ñ0.15
M6X504,504.00ñ2.54,6.00ñ0.15
M6X505,505.00ñ2.54,6.00ñ0.15
M6X508,508.00ñ2.54,6.00ñ0.15
M6X510,510.00ñ2.54,6.00ñ0.15
M6X516,516.00ñ2.54,6.00ñ0.15
M6X530,530.00ñ2.54,6.00ñ0.15
M6X540,540.00ñ2.54,6.00ñ0.15
M6X544,544.00ñ2.54,6.00ñ0.15
M6X549,549.00ñ2.54,6.00ñ0.15
M6X552,552.00ñ2.54,6.00ñ0.15
M6X555,555.00ñ2.54,6.00ñ0.15
M6X560,560.00ñ2.54,6.00ñ0.15
M6X569,569.00ñ2.54,6.00ñ0.15
M6X575,575.00ñ3.05,6.00ñ0.15
M6X579,579.00ñ3.05,6.00ñ0.15
M6.99X114.7,114.70ñ0.76,6.99ñ0.15
M6.99X124.6,124.60ñ0.89,6.99ñ0.15
M6.99X134.5,134.50ñ0.89,6.99ñ0.15
M6.99X155.6,155.60ñ1.02,6.99ñ0.15
M6.99X159.5,159.50ñ1.02,6.99ñ0.15
M6.99X161.9,161.90ñ1.02,6.99ñ0.15
M6.99X166.7,166.70ñ1.14,6.99ñ0.15
M6.99X168.3,168.30ñ1.14,6.99ñ0.15
M6.99X174.6,174.60ñ1.14,6.99ñ0.15
M6.99X181,181.00ñ1.14,6.99ñ0.15
M6.99X187.3,187.30ñ1.14,6.99ñ0.15
M6.99X193.7,193.70ñ1.27,6.99ñ0.15
M6.99X200,200.00ñ1.27,6.99ñ0.15
M6.99X208.92,208.92ñ1.27,6.99ñ0.15
M6.99X221.62,221.62ñ1.40,6.99ñ0.15
M6.99X234.32,234.32ñ1.40,6.99ñ0.15
M6.99X247,247.00ñ1.52,6.99ñ0.15
M6.99X259.7,259.70ñ1.52,6.99ñ0.15
M6.99X272.4,272.40ñ1.52,6.99ñ0.15
M6.99X285.1,285.10ñ1.52,6.99ñ0.15
M6.99X297.8,297.80ñ1.78,6.99ñ0.15
M6.99X310.5,310.50ñ1.78,6.99ñ0.15
M6.99X323.2,323.20ñ1.78,6.99ñ0.15
M6.99X335.9,335.90ñ1.78,6.99ñ0.15
M7X206,206.00ñ1.27,7.00ñ0.15
M7X212,212.00ñ1.27,7.00ñ0.15
M7X218,218.00ñ1.27,7.00ñ0.15
M7X224,224.00ñ1.40,7.00ñ0.15
M7X230,230.00ñ1.40,7.00ñ0.15
M7X236,236.00ñ1.40,7.00ñ0.15
M7X243,243.00ñ1.40,7.00ñ0.15
M7X250,250.00ñ1.52,7.00ñ0.15
M7X258,258.00ñ1.52,7.00ñ0.15
M7X265,265.00ñ1.52,7.00ñ0.15
M7X272,272.00ñ1.52,7.00ñ0.15
M7X280,280.00ñ1.52,7.00ñ0.15
M7X290,290.00ñ1.78,7.00ñ0.15
M7X300,300.00ñ1.78,7.00ñ0.15
M7X307,307.00ñ1.78,7.00ñ0.15
M7X315,315.00ñ1.78,7.00ñ0.15
M7X325,325.00ñ1.78,7.00ñ0.15
M7X335,335.00ñ1.78,7.00ñ0.15
M7X345,345.00ñ1.78,7.00ñ0.15
M7X355,355.00ñ2.03,7.00ñ0.15
M7X365,365.00ñ2.03,7.00ñ0.15
M7X375,375.00ñ2.03,7.00ñ0.15
M7X387,387.00ñ2.03,7.00ñ0.15
M7X400,400.00ñ2.03,7.00ñ0.15
M7X412,412.00ñ2.29,7.00ñ0.15
M7X425,425.00ñ2.29,7.00ñ0.15
M7X437,437.00ñ2.29,7.00ñ0.15
M7X450,450.00ñ2.29,7.00ñ0.15
M7X457.2,457.20ñ2.29,7.00ñ0.15
M7X462,462.00ñ2.29,7.00ñ0.15
M7X475,475.00ñ2.54,7.00ñ0.15
M7X487,487.00ñ2.54,7.00ñ0.15
M7X494.64,494.64ñ2.54,7.00ñ0.15
M7X500,500.00ñ2.54,7.00ñ0.15
M7X515,515.00ñ2.54,7.00ñ0.15
M7X530,530.00ñ2.54,7.00ñ0.15
M7X545,545.00ñ2.54,7.00ñ0.15
M7X545.47,545.47ñ2.54,7.00ñ0.15
M7X560,560.00ñ2.54,7.00ñ0.15
M7X580,580.00ñ3.05,7.00ñ0.15
M7X596.27,596.27ñ3.05,7.00ñ0.15
M7X600,600.00ñ3.05,7.00ñ0.15
M7X615,615.00ñ3.05,7.00ñ0.15
M7X630,630.00ñ3.05,7.00ñ0.15
M7X647.07,647.07ñ3.05,7.00ñ0.15
M7X650,650.00ñ3.05,7.00ñ0.15
M7X670,670.00ñ3.05,7.00ñ0.15
M8.4X144.1,144.10ñ1.02,8.40ñ0.18
M8.4X149.1,149.10ñ1.02,8.40ñ0.18
M8.4X149.5,149.50ñ1.02,8.40ñ0.18
M8.4X154.1,154.10ñ1.02,8.40ñ0.18
M8.4X154.5,154.50ñ1.02,8.40ñ0.18
M8.4X159.1,159.10ñ1.02,8.40ñ0.18
M8.4X159.5,159.50ñ1.02,8.40ñ0.18
M8.4X164.1,164.10ñ1.02,8.40ñ0.18
M8.4X164.5,164.50ñ1.02,8.40ñ0.18
M8.4X169.1,169.10ñ1.14,8.40ñ0.18
M8.4X169.5,169.50ñ1.14,8.40ñ0.18
M8.4X174.1,174.10ñ1.14,8.40ñ0.18
M8.4X174.5,174.50ñ1.14,8.40ñ0.18
M8.4X179.1,179.10ñ1.14,8.40ñ0.18
M8.4X179.5,179.50ñ1.14,8.40ñ0.18
M8.4X184.1,184.10ñ1.14,8.40ñ0.18
M8.4X184.5,184.50ñ1.14,8.40ñ0.18
M8.4X189.1,189.10ñ1.14,8.40ñ0.18
M8.4X189.5,189.50ñ1.14,8.40ñ0.18
M8.4X194.1,194.10ñ1.27,8.40ñ0.18
M8.4X194.5,194.50ñ1.27,8.40ñ0.18
M8.4X199.1,199.10ñ1.27,8.40ñ0.18
M8.4X199.5,199.50ñ1.27,8.40ñ0.18
M8.4X204.1,204.10ñ1.27,8.40ñ0.18
M8.4X204.5,204.50ñ1.27,8.40ñ0.18
M8.4X208.5,208.50ñ1.27,8.40ñ0.18
M8.4X209.1,209.10ñ1.27,8.40ñ0.18
M8.4X209.5,209.50ñ1.27,8.40ñ0.18
M8.4X214.5,214.50ñ1.27,8.40ñ0.18
M8.4X219.1,219.10ñ1.40,8.40ñ0.18
M8.4X219.5,219.50ñ1.40,8.40ñ0.18
M8.4X224.5,224.50ñ1.40,8.40ñ0.18
M8.4X229.1,229.10ñ1.40,8.40ñ0.18
M8.4X229.5,229.50ñ1.40,8.40ñ0.18
M8.4X234.1,234.10ñ1.40,8.40ñ0.18
M8.4X234.5,234.50ñ1.40,8.40ñ0.18
M8.4X239.1,239.10ñ1.40,8.40ñ0.18
M8.4X239.5,239.50ñ1.40,8.40ñ0.18
M8.4X244.5,244.50ñ1.40,8.40ñ0.18
M8.4X249.1,249.10ñ1.52,8.40ñ0.18
M8.4X249.5,249.50ñ1.52,8.40ñ0.18
M8.4X254.5,254.50ñ1.52,8.40ñ0.18
M8.4X259.5,259.50ñ1.52,8.40ñ0.18
M8.4X264.5,264.50ñ1.52,8.40ñ0.18
M8.4X269.5,269.50ñ1.52,8.40ñ0.18
M8.4X274.5,274.50ñ1.52,8.40ñ0.18
M8.4X279.5,279.50ñ1.52,8.40ñ0.18
M8.4X284.5,284.50ñ1.52,8.40ñ0.18
M8.4X289.5,289.50ñ1.52,8.40ñ0.18
M8.4X294.5,294.50ñ1.78,8.40ñ0.18
M8.4X299.5,299.50ñ1.78,8.40ñ0.18
M8.4X314.5,314.50ñ1.78,8.40ñ0.18
M8.4X319.5,319.50ñ1.78,8.40ñ0.18
M8.4X334.5,334.50ñ1.78,8.40ñ0.18
M8.4X339.5,339.50ñ1.78,8.40ñ0.18
M8.4X354.5,354.50ñ2.03,8.40ñ0.18
M8.4X359.5,359.50ñ2.03,8.40ñ0.18
M8.4X374.5,374.50ñ2.03,8.40ñ0.18
M8.4X384.5,384.50ñ2.03,8.40ñ0.18
M8.4X399.5,399.50ñ2.03,8.40ñ0.18
